Iter,LossPinn,LossPinn,LPthLoss
0,0.744615912437439,0.2646375596523285,0.8141090869903564
100,0.0020519327372312546,2.577706254669465e-05,0.14201250672340393
200,0.0017219692235812545,3.7839206470380304e-06,0.13065294921398163
300,0.0016136553604155779,1.963203430932481e-06,0.128133162856102
400,0.0015889471396803856,3.310325382699375e-06,0.12743422389030457
500,0.0014418053906410933,1.3286746252560988e-05,0.12668585777282715
600,0.0013133920729160309,2.7472813599160872e-05,0.12291538715362549
700,0.0010959894862025976,1.2838524526159745e-05,0.11887823045253754
800,0.0011155062820762396,8.118137884594034e-06,0.11729537695646286
900,0.0012242073426023126,1.1727901437552646e-05,0.11478480696678162
1000,0.0011477007064968348,1.0458783435751684e-05,0.11340029537677765
1100,0.0011377063347026706,1.129778229369549e-05,0.11243849992752075
1200,0.001106465351767838,1.0760903023765422e-05,0.11245869845151901
1300,0.0010636249789968133,5.152657195139909e-06,0.11249774694442749
1400,0.0009616528986953199,1.6996403928715154e-06,0.1139548122882843
1500,0.0009397053509019315,1.6096233821372152e-06,0.1159425601363182
1600,0.0007464865921065211,7.214234756247606e-06,0.1384662389755249
1700,0.0006425146129913628,4.760011051985202e-06,0.12761172652244568
1800,0.0006511599058285356,5.364666776586091e-06,0.1259063482284546
1900,0.0006316366489045322,3.2639984510751674e-06,0.12554976344108582
2000,0.0006174718728289008,2.1065275177534204e-06,0.12518465518951416
2100,0.0006182719953358173,2.1769487830169965e-06,0.12476827949285507
2200,0.0006004560273140669,1.841366838561953e-06,0.12468983978033066
2300,0.0005945863667875528,1.1047704902011901e-06,0.12454930692911148
2400,0.0006272019236348569,1.4379043022927362e-06,0.12433420866727829
2500,0.00058270018780604,9.950699677574448e-07,0.1242096945643425
2600,0.0006077848374843597,8.849000892041659e-07,0.12402724474668503
2700,0.000603513908572495,7.754143211968767e-07,0.12388668954372406
2800,0.0005910811596550047,8.288273534162727e-07,0.123746857047081
2900,0.000596021709498018,6.063934847588826e-07,0.12362256646156311
3000,0.0006387000903487206,9.692223557067337e-07,0.12343115359544754
3100,0.000624049745965749,8.583513135818066e-07,0.12328007817268372
3200,0.0005986315663903952,7.548384246547357e-07,0.12323656678199768
3300,0.0006229132413864136,5.207574531596038e-07,0.12309124320745468
3400,0.0006329251918941736,6.39155700810079e-07,0.12287625670433044
3500,0.0006161392666399479,1.0056116934720194e-06,0.12260662764310837
3600,0.0006595865706913173,7.134924544516252e-07,0.1225394532084465
3700,0.0006350507610477507,8.569294323024224e-07,0.12233248353004456
3800,0.0006164546357467771,1.0352682693337556e-06,0.12207727134227753
3900,0.0006472227396443486,9.23972720556776e-07,0.12188530713319778
4000,0.000668901193421334,1.149870513472706e-06,0.1215822696685791
4100,0.0006291418103501201,8.503067192577873e-07,0.12149027734994888
4200,0.0006481172749772668,2.2048159280529944e-06,0.12114591896533966
4300,0.0006443947786465287,2.0671659513027407e-06,0.12110044062137604
4400,0.0006774048088118434,9.628862471799948e-07,0.12111847847700119
4500,0.0006796674570068717,7.876606105128303e-07,0.12105487287044525
4600,0.0006653911550529301,1.2667974260693882e-06,0.1208907961845398
4700,0.0006766447331756353,1.2934278856846504e-06,0.12083704024553299
4800,0.0006817709072493017,1.0893610351558891e-06,0.12074604630470276
4900,0.000672701804433018,6.621501711379096e-07,0.1206383928656578
5000,0.0006721321260556579,1.721123453535256e-06,0.12034142762422562
5100,0.000651604263111949,1.8087205262418138e-06,0.12015905231237411
5200,0.0006839372799731791,1.3801379736833042e-06,0.12007282674312592
5300,0.0007190159521996975,3.712573288794374e-07,0.11991014331579208
5400,0.0006811879575252533,7.711291800660547e-07,0.1195889562368393
5500,0.0007133277831599116,8.151324095706514e-07,0.11945495009422302
5600,0.0006601093919016421,7.334713245654711e-07,0.1192575991153717
5700,0.0006467938655987382,1.205153921546298e-06,0.11889336258172989
5800,0.0007044184603728354,7.938721182654263e-07,0.11876837909221649
5900,0.0007066852413117886,1.0390598390586092e-06,0.11858686059713364
6000,0.0006824839510954916,1.048128069669474e-06,0.11831207573413849
6100,0.0006705666892230511,8.576029699725041e-07,0.11819431185722351
6200,0.0006633158773183823,7.527917773586523e-07,0.11808477342128754
6300,0.000711400352884084,8.149052632688836e-07,0.1176946759223938
6400,0.0006793046486563981,7.840068292352953e-07,0.1175435483455658
6500,0.0006671239389106631,9.493280686001526e-07,0.11727476119995117
6600,0.0006641886429861188,6.304480280050484e-07,0.11709041893482208
6700,0.0006997192976996303,8.53527751587535e-07,0.11670911312103271
6800,0.0007348651997745037,1.3623182439914672e-06,0.11633014678955078
6900,0.0006828737095929682,1.2986943147552665e-06,0.11583197861909866
7000,0.0007071309955790639,1.5080008779477794e-06,0.11568386107683182
7100,0.0007418253226205707,1.148606997958268e-06,0.11558990180492401
7200,0.0006993762217462063,8.159862545653596e-07,0.11525516211986542
7300,0.0007367931539192796,9.152086022368167e-07,0.11500483751296997
7400,0.000721371965482831,9.747665217219037e-07,0.11488072574138641
7500,0.0007398612797260284,1.3412463886197656e-06,0.11474265158176422
7600,0.0006963821360841393,1.6966721432254417e-06,0.11463209986686707
7700,0.0007164680864661932,1.5544254665655899e-06,0.11458861082792282
7800,0.0007080335053615272,1.946027623489499e-06,0.11444680392742157
7900,0.0007181402761489153,9.980116146834916e-07,0.11443585902452469
8000,0.0007361063035205007,9.898037660605041e-07,0.11424756795167923
8100,0.0007517613703384995,1.1412355434003985e-06,0.11379842460155487
8200,0.0007406935328617692,1.5592218005622271e-06,0.11250464618206024
8300,0.0007703406736254692,1.0962328360619722e-06,0.11014579236507416
8400,0.0007522202795371413,4.178527603926341e-07,0.10875594615936279
8500,0.000736997346393764,4.93520360578259e-07,0.10848546773195267
8600,0.000777058769017458,4.4479361349658575e-07,0.1084258183836937
8700,0.0007575892377644777,4.4990332526140264e-07,0.10842036455869675
8800,0.0007312438683584332,3.668565682346525e-07,0.10826685279607773
8900,0.0007522000232711434,3.1301701142183447e-07,0.10773110389709473
9000,0.0007873462745919824,5.178767992219946e-07,0.1067465990781784
9100,0.0007601270917803049,3.8737138652322756e-07,0.10600179433822632
9200,0.0008182195015251637,5.911485914111836e-07,0.10556784272193909
9300,0.0007482380606234074,3.7230628890938533e-07,0.10540217161178589
9400,0.0007513195159845054,5.572538839260233e-07,0.10527845472097397
9500,0.0007878185715526342,5.202000465942547e-07,0.10520311444997787
9600,0.000743956072255969,6.528949825224117e-07,0.10505031049251556
9700,0.0007658512331545353,9.568362884238013e-07,0.10493671894073486
9800,0.0007697585388086736,1.0958906386804301e-06,0.10483765602111816
9900,0.000795253727119416,1.042380858962133e-06,0.10472676157951355
10000,0.0007915290771052241,8.818704486657225e-07,0.10461534559726715
10100,0.0007878978503867984,9.447848015042837e-07,0.10439781844615936
10200,0.0007930797873996198,8.819974937068764e-07,0.10426290333271027
10300,0.0007607672596350312,9.564645324644516e-07,0.10414013266563416
10400,0.0007594816852360964,9.935622529155808e-07,0.1040361225605011
10500,0.0007654987275600433,9.078900689019065e-07,0.10396990180015564
10600,0.0007384895579889417,1.0771693723654607e-06,0.10378327965736389
10700,0.0007813151460140944,1.0103385648108087e-06,0.10362032800912857
10800,0.0007929162820801139,1.075251930160448e-06,0.10343977808952332
10900,0.0007685919990763068,9.037318022819818e-07,0.10335128009319305
11000,0.0007757971761748195,8.228128081100294e-07,0.1032562404870987
11100,0.0007642132695764303,8.392451604777307e-07,0.10319879651069641
11200,0.0007828150410205126,7.230708547467657e-07,0.10294947028160095
11300,0.0007856245501898229,1.0034898423327832e-06,0.10220805555582047
11400,0.000782893446739763,9.530830880066787e-07,0.10206155478954315
11500,0.000777489272877574,7.824724548299855e-07,0.10204523801803589
11600,0.0007578975637443364,1.0028443284681998e-06,0.10195869207382202
11700,0.0007759560830891132,7.17979446562822e-07,0.10182755440473557
11800,0.0007739852881059051,1.0796495644171955e-06,0.10158094018697739
11900,0.0007613805355504155,1.235234094565385e-06,0.10148396342992783
12000,0.0007807245710864663,1.0263579497404862e-06,0.1014937162399292
12100,0.0007973967585712671,1.154312940343516e-06,0.10113666951656342
12200,0.0007658960530534387,7.778830308780016e-07,0.10089226067066193
12300,0.0007434871513396502,1.1011286460416159e-06,0.10072000324726105
12400,0.000743668875657022,1.0744261089712381e-06,0.10062946379184723
12500,0.0007563239196315408,1.0894082151935436e-06,0.1004752367734909
12600,0.000731097417883575,9.257025794795481e-07,0.10033869743347168
12700,0.0007572625763714314,1.3363805919652805e-06,0.10016316175460815
12800,0.0007411724654957652,1.7115401078626746e-06,0.09966012090444565
12900,0.0007205517031252384,7.69940243117162e-07,0.09955167770385742
13000,0.0007523269159719348,8.313157309203234e-07,0.09936245530843735
13100,0.0007693300722166896,5.813938628307369e-07,0.09925747662782669
13200,0.0007508978596888483,1.0903563634201419e-06,0.09910595417022705
13300,0.0007547724526375532,7.927159799692163e-07,0.09897807240486145
13400,0.0007256921380758286,1.1727353239621152e-06,0.09883104264736176
13500,0.0007372901309281588,1.1292029284959426e-06,0.09864961355924606
13600,0.0007574135670438409,9.976631645258749e-07,0.09852144867181778
13700,0.0007844672072678804,2.032925067396718e-06,0.09811539947986603
13800,0.0007670207996852696,1.0842647952813422e-06,0.09799029678106308
13900,0.0007748733041808009,1.2245158131918288e-06,0.09780985862016678
14000,0.0007600397802889347,1.3756222188021638e-06,0.09768188744783401
14100,0.0007237158133648336,1.1151801118103322e-06,0.09758532047271729
14200,0.0007769563235342503,1.4023810308572138e-06,0.09747309237718582
14300,0.0007877558236941695,1.1983879630861338e-06,0.09728652238845825
14400,0.0007771315285935998,1.5066029845911544e-06,0.09713944047689438
14500,0.0007396190776489675,1.4083927908359328e-06,0.09700360894203186
14600,0.0007363168406300247,1.3126606290825293e-06,0.09672237932682037
14700,0.0007558068027719855,1.8636712866282323e-06,0.09658288210630417
14800,0.0007432348793372512,1.691778379608877e-06,0.09645263850688934
14900,0.0007691832724958658,1.398981567035662e-06,0.09639507532119751
15000,0.0007833401905372739,2.0351876628410537e-06,0.09618839621543884
15100,0.0007650713087059557,1.4697039887323626e-06,0.09596069902181625
15200,0.0007679370464757085,1.207121499646746e-06,0.09585487097501755
15300,0.0007505703251808882,1.8885277768276865e-06,0.09574156254529953
15400,0.0007606509607285261,1.6354406398022547e-06,0.09567776322364807
15500,0.0007680108537897468,1.7457318790548015e-06,0.09553062915802002
15600,0.0007429854013025761,2.1630246465065284e-06,0.09523262083530426
15700,0.0007862511556595564,1.666649836806755e-06,0.09509818255901337
15800,0.0007408536039292812,1.8102471130987396e-06,0.09504251927137375
15900,0.000756687019020319,1.840327513491502e-06,0.09482382982969284
16000,0.0007460027700290084,2.0400075300130993e-06,0.09475162625312805
16100,0.000800043810158968,2.1945202206552494e-06,0.09459751844406128
16200,0.0007717437110841274,2.824402599799214e-06,0.09453897178173065
16300,0.0007445040391758084,1.8912203358922852e-06,0.09446853399276733
16400,0.0007590926252305508,1.8443404314893996e-06,0.09429394453763962
16500,0.0007744760951027274,2.1758469301857986e-06,0.0940873846411705
16600,0.0008168551721610129,1.734999841573881e-06,0.09401368349790573
16700,0.0007754970574751496,2.3474995032302104e-06,0.09393462538719177
16800,0.0007602249970659614,2.51453911914723e-06,0.09373289346694946
16900,0.00079325184924528,1.5745005157441483e-06,0.09356306493282318
17000,0.0007777677965350449,1.7608922462386545e-06,0.09345640242099762
17100,0.0008057563100010157,2.5467747946095187e-06,0.09332659840583801
17200,0.0007545224507339299,1.713531219138531e-06,0.09334105253219604
17300,0.0007815989665687084,1.8594881794342655e-06,0.09321601688861847
17400,0.00077827088534832,2.2137733139970805e-06,0.0929984599351883
17500,0.0007757015409879386,2.008612455028924e-06,0.0928770899772644
17600,0.0007500852225348353,1.7067515045710024e-06,0.09281280636787415
17700,0.000746983801946044,2.0536654119496234e-06,0.09277647733688354
17800,0.0007699043489992619,1.9153403627569787e-06,0.09275232255458832
17900,0.0007768813520669937,2.7395994948165026e-06,0.09250342100858688
18000,0.0007554282783530653,2.0244835923222126e-06,0.09242787957191467
18100,0.0007636731024831533,1.819109684220166e-06,0.09234081953763962
18200,0.0007443594513460994,2.1114444734848803e-06,0.0923006534576416
18300,0.0007745453622192144,2.1009159354434814e-06,0.09228864312171936
18400,0.0007856321753934026,2.5639383238740265e-06,0.09216485917568207
18500,0.0008004176779650152,2.132912868546555e-06,0.09210284054279327
18600,0.0007607846055179834,2.249048293379019e-06,0.09209947288036346
18700,0.0007565903943032026,1.8637433640833478e-06,0.09206656366586685
18800,0.000772471830714494,2.357722678425489e-06,0.09194047749042511
18900,0.0007707903860136867,2.2320321022561984e-06,0.09184570610523224
19000,0.000704547914210707,2.4341359221580205e-06,0.09179890155792236
19100,0.0008097350364550948,2.2035781057638815e-06,0.0917053371667862
19200,0.0007817609002813697,1.7725576526572695e-06,0.09170494973659515
19300,0.000774964049924165,2.2279025415627984e-06,0.09166904538869858
19400,0.0007628512103110552,1.7831473542173626e-06,0.09166847169399261
19500,0.0007797193247824907,1.9228750716138165e-06,0.09164208918809891
19600,0.0007822236511856318,1.6155524917849107e-06,0.09114006161689758
19700,0.0007397812441922724,8.767212307247974e-07,0.09080947190523148
19800,0.0007483522640541196,1.5490336409129668e-06,0.09113055467605591
19900,0.0008107605390250683,1.2853365660703275e-06,0.09094760566949844
20000,0.0008136876858770847,5.423904099188803e-07,0.08982247114181519
20100,0.0008038132218644023,7.65845811656618e-07,0.08951781690120697
20200,0.0008029610617086291,1.625021468498744e-06,0.08954598754644394
20300,0.0007901451317593455,8.475115578221448e-07,0.08967228978872299
20400,0.0007886597886681557,3.107602424279321e-07,0.08941439539194107
20500,0.0008251150720752776,2.167166996969172e-07,0.08935049176216125
20600,0.0007435913430526853,3.8775334587626276e-07,0.08920527249574661
20700,0.0007833923446014524,2.9889204711253115e-07,0.08909302949905396
20800,0.0007349346997216344,2.7732076546271855e-07,0.08899210393428802
20900,0.0007688462501391768,2.937266572189401e-07,0.08888877928256989
21000,0.0007728863274678588,4.815274792235869e-07,0.08868484944105148
21100,0.0007833050331100821,2.7784622602666786e-07,0.08869300782680511
21200,0.000739751965738833,3.4795016290445346e-07,0.08867065608501434
21300,0.0007700971327722073,4.5996085873412085e-07,0.08856189250946045
21400,0.0007609294261783361,4.6777074658166384e-07,0.08845360577106476
21500,0.0007554901530966163,3.345074901517364e-07,0.08833710104227066
21600,0.0007448952528648078,4.279359018255491e-07,0.08820406347513199
21700,0.0007398634916171432,4.847451577916218e-07,0.0880645364522934
21800,0.0007761403685435653,3.1043254011819954e-07,0.0880255401134491
21900,0.0007448871619999409,3.7981629930072813e-07,0.0878787487745285
22000,0.000768252182751894,4.023575286282721e-07,0.087765634059906
22100,0.0007726468611508608,3.656772946669662e-07,0.0876721441745758
22200,0.000752878375351429,4.382480938147637e-07,0.08759165555238724
22300,0.000738395843654871,2.6714749878919974e-07,0.08756804466247559
22400,0.0007787356153130531,3.2775636782389483e-07,0.08747445046901703
22500,0.0007457809988409281,3.30297666550905e-07,0.0874352902173996
22600,0.0007386585348285735,2.9416196412057616e-07,0.0873902440071106
22700,0.0007655558292753994,4.1088873103944934e-07,0.0872853547334671
22800,0.0007550691952928901,4.3156870788152446e-07,0.08720618486404419
22900,0.0007618767558597028,3.5242263152213127e-07,0.0871875062584877
23000,0.0007559757214039564,3.4336403587076347e-07,0.0870959684252739
23100,0.0007400462636724114,3.674508946005517e-07,0.08703874051570892
23200,0.0007432143902406096,4.05782884627115e-07,0.08698774874210358
23300,0.0007777722203172743,3.4453279340596055e-07,0.08696236461400986
23400,0.0007597857038490474,3.6217258525539364e-07,0.08694333583116531
23500,0.0007696480024605989,3.818413460976444e-07,0.08688545227050781
23600,0.0007531786104664207,2.534226268835482e-07,0.08682669699192047
23700,0.0007655081572011113,2.4802614007057855e-07,0.08680582046508789
23800,0.0007753007812425494,3.29969736867497e-07,0.0867316946387291
23900,0.0007784879999235272,3.4815357707884687e-07,0.08671441674232483
24000,0.000730611034668982,4.5939538040329353e-07,0.08663442730903625
24100,0.0007876602467149496,3.3871077675939887e-07,0.08664043247699738
24200,0.0007837662706151605,4.060377420955774e-07,0.08658090978860855
24300,0.0007797125144861639,3.1793609878150164e-07,0.08660507202148438
24400,0.0007621516124345362,3.4953762906297925e-07,0.08656013011932373
24500,0.00079106236808002,2.908534781909111e-07,0.08652481436729431
24600,0.0008055399521254003,3.3860942494357005e-07,0.08647303283214569
24700,0.0007812221883796155,3.4160527206950064e-07,0.0864926427602768
24800,0.0007809555972926319,3.2175617548091395e-07,0.08647085726261139
24900,0.0007696986431255937,3.0594532063332736e-07,0.08640895783901215
25000,0.0008051281329244375,3.153966474656045e-07,0.08640897274017334
25100,0.0007721639703959227,3.579538656595105e-07,0.08636638522148132
25200,0.0008020189707167447,3.5653189911499794e-07,0.0863904282450676
25300,0.0007753082318231463,3.430835988638137e-07,0.08634921908378601
25400,0.0007781576714478433,3.367556473676814e-07,0.08633095026016235
25500,0.0008124720770865679,3.2658178383826453e-07,0.08630751073360443
25600,0.000782988965511322,3.9977459209694644e-07,0.08626262843608856
25700,0.0007934375898912549,2.489761357082898e-07,0.08623179793357849
25800,0.000782154907938093,3.1556879775962443e-07,0.08617822825908661
25900,0.0007423183415085077,3.211575858586002e-07,0.08614513278007507
26000,0.0007851111586205661,3.3689752854115795e-07,0.08609403669834137
26100,0.0008002404356375337,3.5088027061647153e-07,0.08608315885066986
26200,0.0007739972788840532,2.596108004127018e-07,0.08609244227409363
26300,0.0007966120028868318,3.8351532793967635e-07,0.08604443818330765
26400,0.0008069364121183753,2.8893219905512524e-07,0.08605431020259857
26500,0.0008358526974916458,3.3294844570264104e-07,0.08598075062036514
26600,0.0007495739846490324,3.1613379292139143e-07,0.0859537273645401
26700,0.0008034647908061743,3.6084676935388416e-07,0.08588647842407227
26800,0.0007788461516611278,4.075329229635827e-07,0.08587580174207687
26900,0.0008134139352478087,2.7879363528882095e-07,0.08587399125099182
27000,0.0008475175127387047,3.1160217872638896e-07,0.0858415812253952
27100,0.0008246476063504815,3.3359216899953026e-07,0.08582744002342224
27200,0.0008263171184808016,3.234146390695969e-07,0.08578968048095703
27300,0.0007786420173943043,2.75184959264152e-07,0.08575549721717834
27400,0.0007582165999338031,3.517641857797571e-07,0.08570210635662079
27500,0.0008269985555671155,3.8311054595396854e-07,0.08564425259828568
27600,0.0007605919963680208,3.1499047281613457e-07,0.08567862957715988
27700,0.0007712324149906635,3.062950781895779e-07,0.08566997945308685
27800,0.0008079223916865885,3.305360394278978e-07,0.08563977479934692
27900,0.0008258753805421293,3.4115191738237627e-07,0.0856330394744873
28000,0.000821582623757422,3.164464601468353e-07,0.0856020525097847
28100,0.0007828074740245938,2.925326612057688e-07,0.0856098011136055
28200,0.0008162524318322539,3.800309116286371e-07,0.08557406067848206
28300,0.0008219118462875485,3.9362845427604043e-07,0.08560046553611755
28400,0.0008363053784705698,3.3214732297892624e-07,0.08555775880813599
28500,0.0007695062668062747,3.528953129716683e-07,0.08553069829940796
28600,0.0007673075888305902,3.308610700969439e-07,0.08557455986738205
28700,0.0008113135118037462,2.1874319600101444e-07,0.08555551618337631
28800,0.0007372891413979232,3.0195135991561983e-07,0.08553440868854523
28900,0.0008231839165091515,2.76051338232719e-07,0.08553905785083771
29000,0.0008233897970058024,2.2206361904864025e-07,0.08556842803955078
29100,0.0007675241213291883,2.862462906705332e-07,0.08557561039924622
29200,0.0007887168903835118,3.5644842455440084e-07,0.08555848896503448
29300,0.000731131061911583,3.3706075441841676e-07,0.08556267619132996
29400,0.0008158555720001459,3.8663421264573117e-07,0.08549664914608002
29500,0.0008144332095980644,1.2804215998585278e-07,0.08552266657352448
29600,0.0007766304188407958,2.817845086156012e-07,0.08546476811170578
29700,0.0008046749280765653,2.1368792602061149e-07,0.08553555607795715
29800,0.0008101742714643478,3.5225770034230663e-07,0.0855899453163147
29900,0.0008044684072956443,3.130355707980925e-07,0.08557988703250885
30000,0.0008098926628008485,1.771396398453362e-07,0.08555013686418533
30100,0.000771758146584034,4.144900174196664e-07,0.0855528861284256
30200,0.0008088680915534496,2.624228727654554e-07,0.08559046685695648
30300,0.0008239707676693797,2.3719830721802282e-07,0.0854678601026535
30400,0.0008204665500670671,2.692932241643575e-07,0.0854092612862587
30500,0.0008454459020867944,2.570484980424226e-07,0.08536063879728317
30600,0.0008171600638888776,2.564058547704917e-07,0.0852782130241394
30700,0.0008496884256601334,2.865870101231849e-07,0.08518007397651672
30800,0.0008407561108469963,2.2872498561810062e-07,0.08518849313259125
30900,0.0007915167370811105,2.396364209289459e-07,0.08524490892887115
31000,0.0007761556189507246,2.605686972856347e-07,0.08524011075496674
31100,0.0007834613788872957,2.2801184229592764e-07,0.08523273468017578
31200,0.0008684441563673317,2.5885873355946387e-07,0.08518188446760178
31300,0.0008255088469013572,3.046533549877495e-07,0.08512061834335327
31400,0.0008362554362975061,2.465536681484082e-07,0.08511878550052643
31500,0.0007765773334540427,1.9077205593021063e-07,0.08506659418344498
31600,0.0008098820690065622,2.663967109128862e-07,0.08501703292131424
31700,0.0008105366141535342,2.0683633294993342e-07,0.0848880484700203
31800,0.0007795424899086356,2.0950940893271763e-07,0.08485005050897598
31900,0.0007957616471685469,2.2156554280172713e-07,0.08480384200811386
32000,0.000804436334874481,2.4536532805541356e-07,0.08475920557975769
32100,0.0008287523523904383,2.0564496594488446e-07,0.08469729125499725
32200,0.0008424060652032495,1.8943184443287464e-07,0.08463451266288757
32300,0.0008419716614298522,1.997606204895419e-07,0.08457682281732559
32400,0.0008374869357794523,2.2771274643673678e-07,0.08454522490501404
32500,0.0008482194389216602,2.1104145275785413e-07,0.0845053493976593
32600,0.00081688875798136,1.7502928528756456e-07,0.08442169427871704
32700,0.0008229626109823585,2.114644104267427e-07,0.08442431688308716
32800,0.0008752697613090277,1.9006836282642325e-07,0.08432851731777191
32900,0.0008291979902423918,1.9594705236158916e-07,0.08427813649177551
33000,0.0008016094798222184,2.3062705167831155e-07,0.08417544513940811
33100,0.0008469629101455212,2.2026543433639745e-07,0.08412869274616241
33200,0.0008289063116535544,2.8027218945680943e-07,0.08411548286676407
33300,0.00085675303125754,1.809491436688404e-07,0.08405357599258423
33400,0.0008396493503823876,1.8717078376084828e-07,0.0839712917804718
33500,0.0008244388736784458,2.3804599891263933e-07,0.08399298787117004
33600,0.0008021793328225613,2.092748445647885e-07,0.08393730223178864
33700,0.0008430295274592936,2.1192562371652457e-07,0.08385726809501648
33800,0.0007955686305649579,1.6772754918292776e-07,0.08382473140954971
33900,0.0008055770886130631,1.7771952798284474e-07,0.08377010375261307
34000,0.0008360216743312776,1.9886026336735085e-07,0.0837472677230835
34100,0.0008109664195217192,2.614772540709964e-07,0.0836816281080246
34200,0.0008475335198454559,2.6086394200319774e-07,0.0835014060139656
34300,0.0008187339408323169,2.0338153206012066e-07,0.08346565067768097
34400,0.0008393896277993917,1.8312587712898676e-07,0.08343879133462906
34500,0.0008697406738065183,1.970815617369226e-07,0.08335890620946884
34600,0.0007759342552162707,2.6960509558193735e-07,0.08329033106565475
34700,0.0008046603761613369,1.4380249524492683e-07,0.08324913680553436
34800,0.0008531505009159446,2.5968640215978667e-07,0.0830470621585846
34900,0.0008074892684817314,2.541657977417344e-07,0.08301770687103271
35000,0.000850616954267025,2.3263658022187883e-07,0.08293597400188446
35100,0.000821077439468354,2.278181057135953e-07,0.08284109830856323
35200,0.0008273225976154208,2.1869311694899807e-07,0.08274246007204056
35300,0.0008231383981183171,1.858778659880045e-07,0.0826801061630249
35400,0.0008550335187464952,2.0886321294710797e-07,0.08257710933685303
35500,0.0008502689888700843,1.820398551899416e-07,0.08251368254423141
35600,0.0008280244655907154,2.2536336530265544e-07,0.08244993537664413
35700,0.0008253727573901415,2.3537658933037164e-07,0.08238369226455688
35800,0.0008618354331701994,2.1143053174910165e-07,0.082243412733078
35900,0.0008639961015433073,2.1002375660827965e-07,0.0821351557970047
36000,0.0008178114658221602,2.1904905622704973e-07,0.08205455541610718
36100,0.0007864165818318725,2.189507881666941e-07,0.0819627195596695
36200,0.0008152353693731129,2.2705452806803805e-07,0.08187408745288849
36300,0.0008451492176391184,2.610904346056486e-07,0.08178906887769699
36400,0.0008270804537460208,1.6232904442858853e-07,0.08165758103132248
36500,0.0008332723518833518,2.3789147007846623e-07,0.0815792977809906
36600,0.0008422874379903078,2.635468092648807e-07,0.08146097511053085
36700,0.0008393519674427807,2.360351203378741e-07,0.08138109743595123
36800,0.0008727316162548959,1.7873176716420858e-07,0.08128713071346283
36900,0.0008343483204953372,2.057034294011828e-07,0.08118399977684021
37000,0.0008263419149443507,2.8649114369727613e-07,0.08105453103780746
37100,0.0008353345328941941,1.8449331662395707e-07,0.08095046132802963
37200,0.0008224516059271991,2.43896607798888e-07,0.08086464554071426
37300,0.0008418681100010872,1.8170237581216497e-07,0.08066093921661377
37400,0.0008447369909845293,1.750697151692293e-07,0.08058152347803116
37500,0.0008217196445912123,1.993939946487444e-07,0.08046982437372208
37600,0.0008442767430096865,1.9217073088384495e-07,0.08037443459033966
37700,0.000880697276443243,2.604217286261701e-07,0.08032254874706268
37800,0.0008748284308239818,1.7944698527116998e-07,0.08017884194850922
37900,0.0008751326240599155,1.8058273099086364e-07,0.08004125207662582
38000,0.0008719805628061295,1.7703486321352102e-07,0.0799156203866005
38100,0.0008243671036325395,1.7143250374829222e-07,0.07985272258520126
38200,0.0008631678065285087,1.7126605200701306e-07,0.0797518938779831
38300,0.0008366637048311532,1.8752569985736045e-07,0.07965034246444702
38400,0.0008717222372069955,1.6647538814140717e-07,0.07951205968856812
38500,0.0008398380596190691,1.861689753468454e-07,0.07940999418497086
38600,0.0008865519776009023,1.4226978350961872e-07,0.07932424545288086
38700,0.000860058527905494,1.9948637941524794e-07,0.07920525968074799
38800,0.0008206557249650359,1.734085515181505e-07,0.07906918227672577
38900,0.0008681908948346972,1.882329314639719e-07,0.07897262275218964
39000,0.0008473968482576311,1.5517841234213847e-07,0.0788964331150055
39100,0.0008415041374973953,2.873324547181255e-07,0.07880878448486328
39200,0.0008744333754293621,2.0433817837783863e-07,0.07867274433374405
39300,0.0008774087182246149,1.6249609302576573e-07,0.07856284081935883
39400,0.0008409679867327213,1.778901008719913e-07,0.07845510542392731
39500,0.0008591822115704417,1.9425998232236452e-07,0.07834157347679138
39600,0.0008737073512747884,1.9329989697780547e-07,0.07823789119720459
39700,0.0008698230958543718,1.5682016396567633e-07,0.0781756341457367
39800,0.0009054153342731297,2.000136731794555e-07,0.07799943536520004
39900,0.0008818133501335979,1.770337263451438e-07,0.07779725641012192
40000,0.00086779153207317,1.701897645034478e-07,0.0776744931936264
40100,0.0008779403287917376,1.8316352168312733e-07,0.0775810033082962
40200,0.0008880433742888272,1.9140765061820275e-07,0.07749710232019424
40300,0.0008590689394623041,2.0049905913310795e-07,0.07735989987850189
40400,0.0008770284475758672,1.7196600765601033e-07,0.07725885510444641
40500,0.0009107752703130245,1.9302673592846986e-07,0.07715246081352234
40600,0.000874629186000675,1.6242032074842427e-07,0.07704183459281921
40700,0.0008964143926277757,1.9373136694866844e-07,0.07696163654327393
40800,0.0008742500795051455,1.2800744286778354e-07,0.0768808051943779
40900,0.0008625108166597784,2.1264523297759297e-07,0.07676801830530167
41000,0.0008479440584778786,1.9366797232578392e-07,0.07665866613388062
41100,0.0009051322704181075,1.6057219909271225e-07,0.07650722563266754
41200,0.000893699936568737,1.8271155965976504e-07,0.07639755308628082
41300,0.0008845794945955276,1.7118294692863856e-07,0.07632143050432205
41400,0.0008481147233396769,1.6505347844031348e-07,0.07619406282901764
41500,0.000847244868054986,1.6033877159316035e-07,0.07610474526882172
41600,0.0009126170189119875,1.6444678863081208e-07,0.0760100781917572
41700,0.0008633857360109687,1.7289100640027755e-07,0.07595278322696686
41800,0.0009025218896567822,1.615263016674362e-07,0.07587603479623795
41900,0.0009037473937496543,1.5172392409112945e-07,0.07582935690879822
42000,0.0008561938302591443,1.493140473485255e-07,0.07571142911911011
42100,0.0008661686442792416,2.1604891742299515e-07,0.07562196254730225
42200,0.0008701212937012315,1.835599476862626e-07,0.07548517733812332
42300,0.0008350397692993283,1.3855404290552542e-07,0.07541210949420929
42400,0.0009002698352560401,1.6345026665476325e-07,0.07529919594526291
42500,0.0008598770364187658,1.403606262329049e-07,0.07519947737455368
42600,0.0008930534822866321,1.446376103331204e-07,0.07509533315896988
42700,0.000888280919753015,1.607371444833916e-07,0.07501248270273209
42800,0.000897497171536088,1.938522018463118e-07,0.07495151460170746
42900,0.0008573578670620918,1.9017723218439642e-07,0.07490746676921844
43000,0.000907127105165273,1.470479134013658e-07,0.07476570457220078
43100,0.000853940611705184,1.6974257732726983e-07,0.0746990367770195
43200,0.0008509547915309668,2.2909152619376982e-07,0.07465460896492004
43300,0.0009247626294381917,1.2612598254690965e-07,0.07456803321838379
43400,0.0008912250632420182,1.625596297571974e-07,0.07442186772823334
43500,0.0008795686881057918,1.5780966577949584e-07,0.07433691620826721
43600,0.0008669324452057481,1.8980870208906708e-07,0.07426921278238297
43700,0.0008909485768526793,1.7577841049387644e-07,0.07419002801179886
43800,0.000879140105098486,1.7152757436633692e-07,0.07410738617181778
43900,0.0009324928978458047,1.5203279701836436e-07,0.0740237683057785
44000,0.0009333842899650335,1.5722291379915987e-07,0.07397913932800293
44100,0.0009012527298182249,1.5052683011163026e-07,0.07385988533496857
44200,0.000896490877494216,1.3972004353490775e-07,0.07374259829521179
44300,0.0009079260635189712,1.4353150845636264e-07,0.07365607470273972
44400,0.0008984563173726201,1.8769590326428442e-07,0.07361528277397156
44500,0.0009147335076704621,1.7179176836634724e-07,0.07349822670221329
44600,0.0008825960103422403,1.2027243201373494e-07,0.07342233508825302
44700,0.0008821437368169427,1.6857426032856893e-07,0.07330213487148285
44800,0.0008944875444285572,1.6574597339058528e-07,0.0732320249080658
44900,0.0009252247400581837,1.5122324725780345e-07,0.07317117601633072
45000,0.0009298334480263293,1.6010051240300527e-07,0.07306761294603348
45100,0.0009193667210638523,1.2941242744091142e-07,0.07295777648687363
45200,0.0009196239989250898,1.5899180993983464e-07,0.07290184497833252
45300,0.0008703998755663633,1.5054111202061904e-07,0.0728161409497261
45400,0.0009287124266847968,1.6501520860856544e-07,0.07274492084980011
45500,0.0009044036269187927,1.5582611467834795e-07,0.0726812407374382
45600,0.0009069100487977266,1.8789241096328624e-07,0.07259524613618851
45700,0.0008533878135494888,1.52432647837486e-07,0.0724867582321167
45800,0.000865890528075397,1.5415106702221237e-07,0.07239499688148499
45900,0.0008677986916154623,1.3949684785075078e-07,0.0723225474357605
46000,0.0008818760979920626,1.4070953113787255e-07,0.07224318385124207
46100,0.0008670971728861332,1.2856001774252945e-07,0.07219294458627701
46200,0.0009359925170429051,1.522043788781957e-07,0.0721079409122467
46300,0.0009233176242560148,1.597425125510199e-07,0.07205721735954285
46400,0.0008925515576265752,1.3974339196920482e-07,0.07197447121143341
46500,0.000877652782946825,1.4025795280758757e-07,0.07187625765800476
46600,0.0009378337999805808,1.699054763548702e-07,0.07180184870958328
46700,0.0009070945088751614,1.5433199962444633e-07,0.07172809541225433
46800,0.0008876904612407088,1.483421527836981e-07,0.07165418565273285
46900,0.0008895763894543052,1.5795514229921537e-07,0.07157006114721298
47000,0.0009510555537417531,1.5106580519841373e-07,0.0714748203754425
47100,0.0008670195238664746,1.419808199898398e-07,0.07138966023921967
47200,0.0008633985416963696,1.4195116193604917e-07,0.07130949944257736
47300,0.0009436523541808128,1.330769237029017e-07,0.07124243676662445
47400,0.0009379327530041337,1.4136489312477352e-07,0.07119575142860413
47500,0.00090523820836097,1.4930976988125622e-07,0.07113905996084213
47600,0.0008961897110566497,1.1615317419000348e-07,0.07106096297502518
47700,0.000884502602275461,1.4772589906897338e-07,0.07101938128471375
47800,0.0008926633163355291,1.2061936160989717e-07,0.07094624638557434
47900,0.0009122954797931015,1.3345118077268125e-07,0.07088722288608551
48000,0.0008997842669487,1.356452941081443e-07,0.07082835584878922
48100,0.0008914015488699079,1.5273751330369123e-07,0.07074342668056488
48200,0.0009128697565756738,1.7398082263753167e-07,0.07065664231777191
48300,0.0009066005004569888,1.4564190564669843e-07,0.07057642936706543
48400,0.0008763947407715023,1.3377271557146742e-07,0.07048651576042175
48500,0.0008913655765354633,1.5795799868101312e-07,0.07040956616401672
48600,0.0009244117536582053,1.5729943925180123e-07,0.0703347846865654
48700,0.0009327380103059113,1.6011789227832196e-07,0.07024584710597992
48800,0.0009534286218695343,1.1324849680249827e-07,0.07018402218818665
48900,0.0009399391710758209,1.315490862907609e-07,0.07013222575187683
49000,0.0009097304427996278,1.1013494827238901e-07,0.07006697356700897
49100,0.0009170522098429501,1.4319670071927249e-07,0.06999241560697556
49200,0.0009097816655412316,1.2061225618253957e-07,0.06990240514278412
49300,0.0009085930651053786,1.37623814566723e-07,0.06982308626174927
49400,0.0009347928571514785,1.3459835201956594e-07,0.06978128105401993
49500,0.0009466344490647316,1.4085863142554444e-07,0.0697207823395729
49600,0.0009043972240760922,1.519963745977293e-07,0.06967051327228546
49700,0.0008971855277195573,1.4517664226332272e-07,0.0695987418293953
49800,0.000902863044757396,1.3041727697782335e-07,0.06953342258930206
49900,0.0009443681337870657,1.2081908096206462e-07,0.06948594748973846
50000,0.0009303964907303452,1.3980314861328225e-07,0.0694122239947319
50100,0.0008776583126746118,1.5761251859203185e-07,0.06935375183820724
50200,0.0009305189596489072,1.1892414875092072e-07,0.06926953792572021
50300,0.0009379286784678698,1.1591661319698687e-07,0.06922319531440735
50400,0.0009398630354553461,1.4417194904581265e-07,0.06917592883110046
50500,0.0009703139076009393,1.3551186839322327e-07,0.0691136047244072
50600,0.0008947924361564219,1.1666521970710164e-07,0.06905344873666763
50700,0.0008799005299806595,1.463428702663805e-07,0.06904569268226624
50800,0.0009385030716657639,1.2464442988857627e-07,0.06899414956569672
50900,0.000914471223950386,1.1055904280965478e-07,0.06897645443677902
51000,0.0009497525170445442,1.38618531764223e-07,0.0689716637134552
51100,0.0008921624976210296,1.4634470346663875e-07,0.06894485652446747
51200,0.000949622830376029,1.4788429325562902e-07,0.06891751289367676
51300,0.0009241908555850387,1.2638481905469234e-07,0.06886354088783264
51400,0.0009586263913661242,1.2369608271001198e-07,0.06881352514028549
51500,0.0009302499238401651,1.5388073393296509e-07,0.06877326965332031
51600,0.0009127006633207202,1.432783278687566e-07,0.06872065365314484
51700,0.0009008030756376684,1.304335910390364e-07,0.06871207803487778
51800,0.0009163800859823823,1.165359009291933e-07,0.06865846365690231
51900,0.0009374080691486597,1.4183933672029525e-07,0.06863027811050415
52000,0.0009312133770436049,1.532003039983465e-07,0.06860910356044769
52100,0.0009053138783201575,1.4115144608695118e-07,0.06854092329740524
52200,0.0009388533653691411,1.3414975796877115e-07,0.06850612163543701
52300,0.0009054617257788777,1.3458040371006064e-07,0.06847032904624939
52400,0.0009347063023597002,1.4418867522181245e-07,0.06843138486146927
52500,0.0009312293259426951,1.663482009917061e-07,0.06837669014930725
52600,0.0009232865995727479,1.2762660617227084e-07,0.06834723055362701
52700,0.0009122202172875404,1.2224703027641226e-07,0.06830142438411713
52800,0.0008776037720963359,1.3667855114363192e-07,0.06825266778469086
52900,0.0009659467614255846,1.4065165032661753e-07,0.06821241974830627
53000,0.0009490427910350263,1.299589058589845e-07,0.06812603771686554
53100,0.0008754131849855185,1.2846243180320016e-07,0.06795649230480194
53200,0.0009122999617829919,1.4715882912241796e-07,0.06793144345283508
53300,0.0009192439611069858,1.2993663744964579e-07,0.06788524985313416
53400,0.0008718897588551044,1.3379437291405338e-07,0.06784705817699432
53500,0.0009210003772750497,1.3676267940354592e-07,0.06779356300830841
53600,0.0009143960196524858,1.6268342051262152e-07,0.06776611506938934
53700,0.0009205257520079613,1.6963507221134932e-07,0.06773177534341812
53800,0.0009476133855059743,1.5964110389177222e-07,0.06766869127750397
53900,0.0009678947972133756,1.5708289424765098e-07,0.06759724020957947
54000,0.000898262660484761,1.3623868255763227e-07,0.06755811721086502
54100,0.0009534239070490003,1.244079612661153e-07,0.06748650968074799
54200,0.0009039085125550628,1.9152588492943323e-07,0.06743292510509491
54300,0.0009196087485179305,1.199461365786192e-07,0.06738980114459991
54400,0.00092794478405267,1.4220813682186417e-07,0.0673307552933693
54500,0.0009089366067200899,1.5023404387193295e-07,0.06727433204650879
54600,0.0009271290618926287,1.1830012169866677e-07,0.06721906363964081
54700,0.0009213591692969203,1.321136124943223e-07,0.06718680262565613
54800,0.0009229611605405807,1.790930923561973e-07,0.06710389256477356
54900,0.0009212117874994874,1.3286592093209038e-07,0.0670737475156784
55000,0.0008892292971722782,1.2342565014478168e-07,0.06699047982692719
55100,0.000883912609424442,1.1787013676212155e-07,0.06691154837608337
55200,0.0009364718571305275,1.1956649359490257e-07,0.0668402835726738
55300,0.0008920439286157489,1.0594860100354708e-07,0.06680424511432648
55400,0.0009580969926901162,9.646490184422873e-08,0.06674602627754211
55500,0.0009083239128813148,1.0894488866597385e-07,0.0667053610086441
55600,0.0009296753560192883,1.119019472639593e-07,0.06667950749397278
55700,0.0009125374490395188,1.3745611227022891e-07,0.06666587293148041
55800,0.0008665167260915041,1.3841329860042606e-07,0.06663951277732849
55900,0.0009287281427532434,1.1075412231775772e-07,0.06661012768745422
56000,0.0008978189434856176,1.6162421445642394e-07,0.06650243699550629
56100,0.000868698232807219,1.3472565285610472e-07,0.06644496321678162
56200,0.000935391872189939,1.345548525932827e-07,0.0664219856262207
56300,0.000920554215554148,1.1476760874984393e-07,0.06637561321258545
56400,0.0008874230552464724,1.6676925440606283e-07,0.06636464595794678
56500,0.0009458852582611144,1.683976478261684e-07,0.06633172184228897
56600,0.0008758054464124143,1.4070627685214276e-07,0.06630836427211761
56700,0.0009083992335945368,1.0451111620568554e-07,0.0662255734205246
56800,0.000878738472238183,1.531519870923148e-07,0.06619269400835037
56900,0.0009266739943996072,1.8500838905310957e-07,0.06612066179513931
57000,0.0009106736397370696,1.1433577640218573e-07,0.066033735871315
57100,0.0009182029752992094,1.1388587495275715e-07,0.0659920871257782
57200,0.0009290770976804197,1.4606351328438905e-07,0.06599479913711548
57300,0.000926160835660994,1.6097942534543108e-07,0.06593695282936096
57400,0.0009343529236502945,1.479421314343199e-07,0.06588268280029297
57500,0.0009995519649237394,1.7231411675311392e-07,0.06581943482160568
57600,0.0009135330910794437,1.419027739757439e-07,0.06577867269515991
57700,0.0009834547527134418,1.7605229629680252e-07,0.06572608649730682
57800,0.0009030287619680166,1.4151189020594757e-07,0.06567595899105072
57900,0.0008823301177471876,1.3951093080777355e-07,0.06563007831573486
58000,0.0009326246799901128,1.461332033159124e-07,0.06560961157083511
58100,0.0009422777220606804,1.4933921477222611e-07,0.06557291001081467
58200,0.0008734719012863934,1.589474578622685e-07,0.065529964864254
58300,0.000945212144870311,1.645090605961741e-07,0.06550678610801697
58400,0.0008980733109638095,1.9589919020290836e-07,0.06550666689872742
58500,0.0009198716725222766,1.6076909048479138e-07,0.06546386331319809
58600,0.0009088399820029736,1.4801989323132148e-07,0.06544764339923859
58700,0.0009073609835468233,1.7567805343787768e-07,0.06546113640069962
58800,0.0009372415952384472,2.3670168047829065e-07,0.06549815088510513
58900,0.0008996771648526192,2.2238030794596853e-07,0.06554422527551651
59000,0.0009285143460147083,1.7109668704051728e-07,0.06548786163330078
59100,0.0008925484726205468,1.5374497763787076e-07,0.06545308232307434
59200,0.0008616927079856396,1.9970616449427325e-07,0.06549146771430969
59300,0.0009431983344256878,2.537672685321013e-07,0.06548737734556198
59400,0.0009105739882215858,1.7812129726735293e-07,0.06545251607894897
59500,0.0009474412072449923,1.80085578449507e-07,0.06544001400470734
59600,0.0009095834102481604,2.4931568987085484e-07,0.06542827188968658
59700,0.0009278259822167456,2.0935708278102538e-07,0.06533519178628922
59800,0.0008954782970249653,2.0799762978640501e-07,0.06537468731403351
59900,0.000921991013456136,2.9060495876365167e-07,0.06536804139614105
60000,0.0009535172721371055,2.0032138081660378e-07,0.06534828245639801
60100,0.0009040941367857158,2.4563024680901435e-07,0.06533429026603699
60200,0.0009468971402384341,1.8336575635657937e-07,0.06533591449260712
60300,0.0009121885523200035,1.8545435409578204e-07,0.06529439240694046
60400,0.0009672028245404363,2.0396100808284245e-07,0.06530741602182388
60500,0.000956882955506444,1.9251031346811942e-07,0.06539107114076614
60600,0.0009300825768150389,2.2410121403027006e-07,0.06544584035873413
60700,0.0008863853290677071,2.1877272615711263e-07,0.06541618704795837
60800,0.0008941391133703291,2.2476633887436037e-07,0.0655403807759285
60900,0.0008955039666034281,2.6691856191973784e-07,0.06550780683755875
61000,0.0008888848824426532,1.9164002651450573e-07,0.06557828187942505
61100,0.0009200702188536525,2.462186330376426e-07,0.06557638943195343
61200,0.0009362712735310197,2.2802569787927496e-07,0.06555191427469254
61300,0.0009092427208088338,2.1240020942059346e-07,0.06552699953317642
61400,0.0009535839781165123,2.3628916778761777e-07,0.06554189324378967
61500,0.0009044837788678706,2.6068934744216676e-07,0.06550149619579315
61600,0.0009005421306937933,2.4603360770925065e-07,0.06546158343553543
61700,0.0008603967726230621,2.5676212089820183e-07,0.0655069649219513
61800,0.0008937486563809216,2.1918978632129438e-07,0.06552639603614807
61900,0.0008886860450729728,2.2321077608467021e-07,0.0655498057603836
62000,0.0008780420757830143,2.2496693929952016e-07,0.06556149572134018
62100,0.0008951300987973809,2.2365007623648125e-07,0.06555332988500595
62200,0.0008967703906819224,2.2439763824877446e-07,0.06553781032562256
62300,0.0008776109898462892,2.467919841819821e-07,0.06551889330148697
62400,0.0008946207817643881,2.1313525166988256e-07,0.06562713533639908
62500,0.0008751062559895217,1.9100176018582715e-07,0.0656280517578125
62600,0.0009088680963031948,1.903217423659953e-07,0.06563432514667511
62700,0.0008986585307866335,2.16662769503273e-07,0.06561732292175293
62800,0.0008964216103777289,1.6600407093392278e-07,0.06554737687110901
62900,0.0008948056492954493,2.1671026217973122e-07,0.06554938852787018
63000,0.0009174890583381057,2.2297039947716257e-07,0.06552659720182419
63100,0.0009137201705016196,2.0779799569936586e-07,0.06551827490329742
63200,0.0009026163606904447,1.9318358113196155e-07,0.06550372391939163
63300,0.0008802807424217463,1.888493272872438e-07,0.06554614007472992
63400,0.0008786773541942239,2.4822318778205954e-07,0.06557047367095947
63500,0.000851973076350987,1.8440175608702702e-07,0.06557448953390121
63600,0.0008818380301818252,2.0213306584082602e-07,0.06557197123765945
63700,0.0009009649511426687,2.065589512767474e-07,0.06557373702526093
63800,0.0008516797097399831,2.2394900156541553e-07,0.06555983424186707
63900,0.000884982873685658,2.0583279081165529e-07,0.06556616723537445
64000,0.0008828014833852649,2.2905501850800647e-07,0.06560568511486053
64100,0.00089159922208637,2.4640470996928343e-07,0.06559582054615021
64200,0.0008766176179051399,2.2120764242572477e-07,0.06563565135002136
64300,0.0008415610645897686,2.3586093789162987e-07,0.06567596644163132
64400,0.0008771622087806463,1.779576734861621e-07,0.06568657606840134
64500,0.0008808112470433116,2.1442836839469237e-07,0.06566769629716873
64600,0.000923923566006124,1.9676912188515416e-07,0.06561064720153809
64700,0.0008688452653586864,2.3850827801652486e-07,0.06557393819093704
64800,0.0008830694714561105,2.1715338505146065e-07,0.06556859612464905
64900,0.0008985939202830195,2.3622763478670095e-07,0.06557811796665192
65000,0.0008964326116256416,1.8228548981369386e-07,0.06564418226480484
65100,0.0008548685582354665,2.1667645455636375e-07,0.06564615666866302
65200,0.0008759491029195487,2.0107376030864543e-07,0.0656503215432167
65300,0.0008749741828069091,2.0195884076201764e-07,0.0656428188085556
65400,0.0008903708658181131,2.364000692978152e-07,0.06563843041658401
65500,0.0008608954376541078,2.029113659318682e-07,0.06564159691333771
65600,0.000939342484343797,1.8473505747351737e-07,0.06570704281330109
65700,0.0008831432787701488,1.9494950720400084e-07,0.06571350991725922
65800,0.0008591024088673294,2.0083804486148438e-07,0.06572039425373077
65900,0.0008632533717900515,2.059001928955695e-07,0.06573506444692612
66000,0.000867239898070693,2.0574597670020012e-07,0.06573931872844696
66100,0.0009307261789217591,2.475582334682258e-07,0.06573549658060074
66200,0.0008893467602320015,2.0146995893810526e-07,0.06578075140714645
66300,0.0009040000732056797,2.3432787088495388e-07,0.06578116118907928
66400,0.0008578491979278624,2.1849083964298188e-07,0.06577128171920776
66500,0.0009284870466217399,2.0763138763868483e-07,0.0657772570848465
66600,0.0008827075362205505,2.124371860645624e-07,0.0657946914434433
66700,0.0008412358583882451,1.7224785153757693e-07,0.06582620739936829
66800,0.0009371375199407339,2.3400150439556455e-07,0.06583020091056824
66900,0.0008628966170363128,1.8876927754263306e-07,0.06584808230400085
67000,0.0008794182213023305,2.0992865756852552e-07,0.06584210693836212
67100,0.0008870678138919175,2.3105232571651868e-07,0.06585070490837097
67200,0.000910111702978611,2.00442372033649e-07,0.06585266441106796
67300,0.000902440631762147,2.1373601555296773e-07,0.06586907058954239
67400,0.0008472668705508113,2.0014374513266375e-07,0.06590253114700317
67500,0.0008823149837553501,2.520800421734748e-07,0.06590979546308517
67600,0.0008789495914243162,1.8278245761393919e-07,0.065963976085186
67700,0.0008878725930117071,2.6096361693817016e-07,0.0659603476524353
67800,0.0008586678304709494,2.1721638177041314e-07,0.0660310760140419
67900,0.0008691184921190143,2.2761233253731916e-07,0.06605865806341171
68000,0.0008930932963266969,2.5198249886670965e-07,0.06607435643672943
68100,0.0008584520546719432,2.2649643938166264e-07,0.0660901740193367
68200,0.0009178739273920655,2.5495862132629554e-07,0.06609557569026947
68300,0.0008716362644918263,2.228477740118251e-07,0.06609997153282166
68400,0.0009143488714471459,2.47107095674437e-07,0.0661148801445961
68500,0.0008630133233964443,2.5550849613864557e-07,0.06616123020648956
68600,0.000880550011061132,2.450766203310195e-07,0.066210076212883
68700,0.0008842627285048366,2.6549946596787777e-07,0.06626685708761215
68800,0.0008735250448808074,2.2086419448896777e-07,0.06625890731811523
68900,0.0008897576481103897,2.2992321646597702e-07,0.0662713348865509
69000,0.0008261074544861913,1.920304697478059e-07,0.06620200723409653
69100,0.0008961978601291776,1.951253949528109e-07,0.06619356572628021
69200,0.0008355916943401098,2.203607465389723e-07,0.06622827798128128
69300,0.0008601730805821717,2.246883923362475e-07,0.06623266637325287
69400,0.0008675113786011934,2.4794405817374354e-07,0.06626637279987335
69500,0.0008583804010413587,2.471639959367167e-07,0.06628117710351944
69600,0.0009071421227417886,2.2143993305689946e-07,0.06627266854047775
69700,0.0008879860397428274,2.6588730861476506e-07,0.0662844106554985
69800,0.0008558344561606646,2.497622233477159e-07,0.06634220480918884
69900,0.0008706384687684476,2.3749856836730032e-07,0.06636583805084229
70000,0.000890892231836915,2.317467249213223e-07,0.06635669618844986
70100,0.000889615505002439,1.9797951722466678e-07,0.06635686755180359
70200,0.0008841626113280654,3.0122305361146573e-07,0.06633241474628448
70300,0.0009171668207272887,2.212433685144788e-07,0.06631426513195038
70400,0.0008686340879648924,2.1299135255503643e-07,0.06631358712911606
70500,0.0008723253849893808,2.467799049554742e-07,0.06630951911211014
70600,0.0008611094672232866,2.202461359956942e-07,0.06632298231124878
70700,0.0008660742314532399,2.3904709678390645e-07,0.06632675230503082
70800,0.0009045574115589261,2.2889066997322516e-07,0.0663159191608429
70900,0.0008607433410361409,2.219593397967401e-07,0.06631404161453247
71000,0.0008743003709241748,2.1922582504885213e-07,0.06631547212600708
71100,0.0009299555094912648,2.2232524088394712e-07,0.06630729883909225
71200,0.0008766378741711378,2.5113271817645e-07,0.06629066169261932
71300,0.0008669596863910556,2.1811101191815396e-07,0.06631777435541153
71400,0.0008646334754303098,2.1012068884829205e-07,0.06630343198776245
71500,0.0008661157917231321,2.248159205464617e-07,0.06630663573741913
71600,0.0008646096102893353,1.7611498037695128e-07,0.06631705164909363
71700,0.0008759917691349983,2.0902102448872029e-07,0.06632155925035477
71800,0.0009108941303566098,2.926090303390083e-07,0.06631463021039963
71900,0.0008707758970558643,1.9096850678579358e-07,0.06635682284832001
72000,0.000902567757293582,2.2187171566656616e-07,0.06633566319942474
72100,0.0008558434201404452,2.4970029244286707e-07,0.06633992493152618
72200,0.0008453962509520352,2.2187190040767746e-07,0.06633728742599487
72300,0.0009113447740674019,2.399611958026071e-07,0.06632128357887268
72400,0.0008314903825521469,2.1254163584671915e-07,0.06632961332798004
72500,0.0008378082420676947,2.398016931692837e-07,0.066337451338768
72600,0.0008751198183745146,1.707709316178807e-07,0.06633499264717102
72700,0.000849482137709856,2.2853663494970533e-07,0.06633058190345764
72800,0.0009083424229174852,2.0398117328568333e-07,0.06631918996572495
72900,0.000899438513442874,2.1618333789774624e-07,0.06631320714950562
73000,0.0008507351158186793,2.341314768727898e-07,0.06629565358161926
73100,0.0008687530062161386,2.5668990133453917e-07,0.066300168633461
73200,0.0008597942069172859,2.137577723715367e-07,0.0663066953420639
73300,0.0008863746770657599,2.088071653361112e-07,0.06630045175552368
73400,0.0008710793917998672,2.304777240169642e-07,0.06628544628620148
73500,0.0008558398112654686,2.3505208446295e-07,0.06628870964050293
73600,0.000909425609279424,2.3756666678309557e-07,0.06628897041082382
73700,0.0008924879366531968,2.3669903725931363e-07,0.06628811359405518
73800,0.0008504868601448834,2.2442458202931448e-07,0.06629682332277298
73900,0.0009001487633213401,2.41936163547507e-07,0.06628825515508652
74000,0.0008594252867624164,1.982992330340494e-07,0.06625674664974213
74100,0.0009041604935191572,2.1868942212677212e-07,0.06626572459936142
74200,0.000890210154466331,2.613720653243945e-07,0.06628166884183884
74300,0.0008924085996113718,2.3761974432545685e-07,0.06628270447254181
74400,0.0008574590319767594,2.2110910435912956e-07,0.06627245992422104
74500,0.0008889456512406468,2.3721528918940749e-07,0.0662442296743393
74600,0.0008277511224150658,2.617823611217318e-07,0.06622923165559769
74700,0.0008931095362640917,2.3009729943623825e-07,0.06623543053865433
74800,0.0009180228807963431,2.2312087821774185e-07,0.06618764251470566
74900,0.0008641429012641311,2.8332749479886843e-07,0.06618834286928177
75000,0.0009050825028680265,2.2677667743664642e-07,0.06621038168668747
75100,0.000857117585837841,1.9548537011360168e-07,0.0661923885345459
75200,0.0008399334619753063,2.0073647988283483e-07,0.0661788284778595
75300,0.0009161765919998288,2.2361868445841537e-07,0.06617260724306107
75400,0.0008781900396570563,2.075262841572112e-07,0.0661759078502655
75500,0.0008619344444014132,2.1341529077290033e-07,0.06618259102106094
75600,0.000874527613632381,2.929572531229496e-07,0.0661829262971878
75700,0.0008807922713458538,2.334091675493255e-07,0.06617876142263412
75800,0.0008812129963189363,2.211117617889613e-07,0.06619764864444733
75900,0.0008591471705585718,1.8162961623602314e-07,0.06618928909301758
76000,0.0008651333046145737,2.271853389856915e-07,0.0661935806274414
76100,0.0009204385569319129,2.398845140305639e-07,0.06618380546569824
76200,0.0008901021210476756,2.515019730253698e-07,0.06615597754716873
76300,0.000913721916731447,1.4809801029969094e-07,0.06616966426372528
76400,0.0009139966568909585,2.2610103656006686e-07,0.06615356355905533
76500,0.0008773180306889117,2.57786268775817e-07,0.06613150238990784
76600,0.0008814862230792642,2.1998910426646034e-07,0.06612440943717957
76700,0.0008802613592706621,2.1831942831340712e-07,0.06612316519021988
76800,0.0008769544074311852,2.5822913585216156e-07,0.06612557172775269
76900,0.0008787037804722786,3.201516278750205e-07,0.06610003858804703
77000,0.0008676056750118732,2.3642488145014795e-07,0.06612280756235123
77100,0.0008428642177022994,2.082897481159307e-07,0.06610636413097382
77200,0.0008773189038038254,2.1412098760720255e-07,0.06609653681516647
77300,0.0009121045004576445,2.2750406003524404e-07,0.06608700752258301
77400,0.0008944462751969695,2.833660914802749e-07,0.06606320291757584
77500,0.0008719123434275389,2.1804791572321847e-07,0.0660807341337204
77600,0.0008244771743193269,1.7514952332930989e-07,0.06607037782669067
77700,0.0008665072382427752,2.1812242323449027e-07,0.06604796648025513
77800,0.0009210596326738596,2.229884614735056e-07,0.06602352112531662
77900,0.0008759783813729882,2.390767690485518e-07,0.0660383403301239
78000,0.0008430811576545238,1.9424803099354904e-07,0.06604219973087311
78100,0.0008447505533695221,2.226235267244192e-07,0.06603427231311798
78200,0.0008510975749231875,2.3719793773580022e-07,0.06603400409221649
78300,0.0009227957343682647,2.2364744722835894e-07,0.06603182852268219
78400,0.0009029807988554239,2.903497886563855e-07,0.06605195999145508
78500,0.0008594132959842682,2.3730876819172408e-07,0.06607267260551453
78600,0.000860450672917068,1.9716441101991222e-07,0.06607361882925034
78700,0.0008977044490166008,2.1131202743163158e-07,0.06604713946580887
78800,0.0008596841944381595,2.1493690383067587e-07,0.06602399796247482
78900,0.0008488331222906709,2.2878589334140997e-07,0.06599199026823044
79000,0.0008758347248658538,2.591759482584166e-07,0.06597501784563065
79100,0.000894077296834439,2.5449327267779154e-07,0.06599175930023193
79200,0.0008588310447521508,2.0721046212202054e-07,0.06599444150924683
79300,0.0008672067779116333,2.0676749556969298e-07,0.0659664124250412
79400,0.0008732426213100553,2.135385557267e-07,0.06594258546829224
79500,0.0008515007793903351,2.415313531400898e-07,0.06594148278236389
79600,0.0008420824306085706,2.216975900637408e-07,0.06595407426357269
79700,0.000835440238006413,2.1655634441231086e-07,0.06594328582286835
79800,0.0008705684449523687,1.953013395450398e-07,0.0659303218126297
79900,0.0008848250145092607,2.365416804650522e-07,0.0659283846616745
80000,0.0008122935541905463,2.065145565666171e-07,0.06590919196605682
80100,0.0008373460732400417,2.087716381993232e-07,0.06590485572814941
80200,0.0008392491145059466,1.9036079379475268e-07,0.06590701639652252
80300,0.0008282766211777925,2.1928948967797623e-07,0.06590352952480316
80400,0.0008448484004475176,2.055877956763652e-07,0.06588076800107956
80500,0.000860135187394917,2.060241683921049e-07,0.06586065143346786
80600,0.0008899451931938529,2.1500015634501324e-07,0.06584285199642181
80700,0.0008496022783219814,2.6248744688928127e-07,0.06580411642789841
80800,0.0008443621918559074,2.0480291595958988e-07,0.065815769135952
80900,0.0008526187157258391,2.3231345380736457e-07,0.06581148505210876
81000,0.0008865983691066504,2.0010244838886138e-07,0.06579944491386414
81100,0.0008917777449823916,2.1969117369735613e-07,0.06579244136810303
81200,0.0008846087148413062,1.6809769931569463e-07,0.06580740213394165
81300,0.0008509218459948897,1.5361334249064384e-07,0.06590474396944046
81400,0.0008702921913936734,1.9792929606410326e-07,0.06583410501480103
81500,0.0008058901876211166,1.880554094668696e-07,0.0658043622970581
81600,0.0008370530558750033,1.7218403058905096e-07,0.06580933183431625
81700,0.0008730047265999019,1.812636156728331e-07,0.06581472605466843
81800,0.0008139652200043201,1.7655727901910723e-07,0.06578940153121948
81900,0.0008361026411876082,1.7657731632425566e-07,0.06576871126890182
82000,0.0008579755667597055,1.8989869943197846e-07,0.06574857234954834
82100,0.000798011664301157,2.0159416180831613e-07,0.06574548035860062
82200,0.0008353245793841779,1.8926576217381808e-07,0.06575426459312439
82300,0.0008522561402060091,2.2637502183897595e-07,0.06575581431388855
82400,0.0008553867228329182,2.1547236883634469e-07,0.06574422866106033
82500,0.0008347439579665661,1.7647366234996298e-07,0.06571637094020844
82600,0.000871426600497216,1.99759867314242e-07,0.06570637226104736
82700,0.000859929365105927,1.8952520974835352e-07,0.0656907707452774
82800,0.0008238307782448828,1.9121944205835462e-07,0.0656789243221283
82900,0.0008059277897700667,2.212503034115798e-07,0.06567463278770447
83000,0.0008420541416853666,2.3193197762338968e-07,0.06567402184009552
83100,0.0008505067089572549,1.9194563094515615e-07,0.06567839533090591
83200,0.0008530510240234435,1.9445172938503674e-07,0.06566229462623596
83300,0.0008564636809751391,2.0195781758047815e-07,0.06563884019851685
83400,0.0008481599506922066,1.9314207122533844e-07,0.06562617421150208
83500,0.0008201763266697526,1.9476215129543561e-07,0.06560155749320984
83600,0.0008493071654811502,1.8846392890736752e-07,0.06560933589935303
83700,0.0008243211777880788,2.1516802917176392e-07,0.06563740223646164
83800,0.0008359206840395927,1.9178224874849548e-07,0.06562786549329758
83900,0.0008144922321662307,1.685116046701296e-07,0.06562729924917221
84000,0.0008232042891904712,1.8196811879533925e-07,0.06561248004436493
84100,0.0008458786178380251,1.652196033319342e-07,0.06558971852064133
84200,0.000831758719868958,2.0272715062219504e-07,0.06558693200349808
84300,0.0008185278275050223,2.206762275136498e-07,0.0655975341796875
84400,0.0008061786065809429,1.8307989080312836e-07,0.06563158333301544
84500,0.0007850480615161359,1.9246394344918372e-07,0.0656665563583374
84600,0.0008321593631990254,2.0745399353927496e-07,0.06566336005926132
84700,0.0008273881976492703,1.8044403304884327e-07,0.0656653568148613
84800,0.0008210507803596556,1.873670072427558e-07,0.06564193964004517
84900,0.0008311013225466013,1.653901193776619e-07,0.06563696265220642
85000,0.0008169515058398247,1.7165490362458513e-07,0.06565666943788528
85100,0.0008662733598612249,1.8150166170016746e-07,0.06564991176128387
85200,0.0008460194803774357,1.6997216789604863e-07,0.06564585864543915
85300,0.0008139057317748666,2.271214043503278e-07,0.06562916934490204
85400,0.0008171660010702908,1.7613746194911073e-07,0.06561023741960526
85500,0.0008157099946402013,1.6085607512650313e-07,0.06557286530733109
85600,0.0008176630362868309,1.8806723289799265e-07,0.0655699372291565
85700,0.0007781923050060868,1.3338996041056816e-07,0.0655401274561882
85800,0.0008085943991318345,1.7868445922886167e-07,0.06554266065359116
85900,0.0007802983745932579,1.7231835158781905e-07,0.06553509831428528
86000,0.0008229955565184355,1.822278647978237e-07,0.065526582300663
86100,0.0007871690904721618,1.6479799569424358e-07,0.06552330404520035
86200,0.0008182398742064834,1.4533054581988836e-07,0.06549913436174393
86300,0.0007861317717470229,1.8472923102308414e-07,0.06548471748828888
86400,0.0008012481266632676,1.9961427710768476e-07,0.06547088921070099
86500,0.0008340716594830155,1.7018484754771634e-07,0.0654248595237732
86600,0.0008020383538678288,1.448704693984837e-07,0.06541020423173904
86700,0.0008507812162861228,1.4119429181391752e-07,0.06540590524673462
86800,0.0007981059607118368,1.641934659346589e-07,0.06541815400123596
86900,0.0008388535352423787,1.3217061223258497e-07,0.0654003918170929
87000,0.0007992461323738098,1.6586893991643592e-07,0.06539693474769592
87100,0.0007925210520625114,1.555201976088938e-07,0.06538963317871094
87200,0.0008194065885618329,2.1959426987905317e-07,0.06535704433917999
87300,0.0007922866498120129,1.4634389344791998e-07,0.06535620987415314
87400,0.0008103097206912935,1.6453998341603437e-07,0.06535635888576508
87500,0.0008118153782561421,1.51251612123815e-07,0.06534145027399063
87600,0.0007999365916475654,1.3757204442299553e-07,0.0653231218457222
87700,0.0008033890044316649,1.4834414230335824e-07,0.06530986726284027
87800,0.0008045547874644399,1.3840481472016108e-07,0.06529602408409119
87900,0.0008106136228889227,1.734968009259319e-07,0.06527397036552429
88000,0.0007814967539161444,1.0358961333167827e-07,0.06524103879928589
88100,0.0007990110898390412,1.586394375863165e-07,0.06521668285131454
88200,0.0007764867623336613,1.2303446794703632e-07,0.06522738933563232
88300,0.0008244652999565005,1.6561435245421308e-07,0.06520494818687439
88400,0.0008339327177964151,7.424353754004187e-08,0.06522265821695328
88500,0.0007756640552543104,1.635656587950507e-07,0.06517556309700012
88600,0.0008157178526744246,1.43207103064924e-07,0.06511944532394409
88700,0.0008236330468207598,2.0727738103687443e-07,0.06512299925088882
88800,0.0007714418461546302,8.551187136163207e-08,0.06508059054613113
88900,0.000812775338999927,2.2888698936185392e-07,0.06503096967935562
89000,0.0008106607128866017,1.5077955595188541e-07,0.06503762304782867
89100,0.000795748783275485,2.6766153382595803e-07,0.06499779224395752
89200,0.000808146724011749,2.4948454324658087e-07,0.06481993198394775
89300,0.0007674345979467034,1.9485455027279386e-07,0.06483502686023712
89400,0.000805349787697196,1.6826096782551758e-07,0.06473358720541
89500,0.0007661936106160283,1.0326132837690238e-07,0.06469564139842987
89600,0.0007566562271676958,1.340555684237188e-07,0.06466353684663773
89700,0.000801711343228817,8.541130114281259e-08,0.06450448930263519
89800,0.0007814072305336595,1.622343290819117e-07,0.06435572355985641
89900,0.000779123860411346,7.603360785424229e-08,0.06433001160621643
90000,0.0007659661932848394,1.021629927322465e-07,0.06432516872882843
90100,0.000787420547567308,1.9390841998756514e-07,0.06424867361783981
90200,0.000744954333640635,1.7321119116786576e-07,0.06418205052614212
90300,0.0007489851559512317,1.5005373654730647e-07,0.06398109346628189
90400,0.0007560410303995013,1.3320560299234785e-07,0.06389614939689636
90500,0.0007597867515869439,2.4775943074928364e-07,0.06389889866113663
90600,0.0007770605152472854,1.1023378476693324e-07,0.063839852809906
90700,0.0007894313894212246,4.844707746087806e-07,0.06355097889900208
90800,0.0007881778292357922,3.3665128285065293e-07,0.06348557025194168
90900,0.0007714121602475643,3.4843139928852906e-07,0.0634693130850792
91000,0.0007652927888557315,4.368032762158691e-07,0.06333518028259277
91100,0.0007770741358399391,5.209992082200188e-07,0.06335578113794327
91200,0.0007837386801838875,4.4929299747309415e-07,0.06343962997198105
91300,0.0007293201633729041,4.6587086899307906e-07,0.06349286437034607
91400,0.0007786137284711003,3.7967450339237985e-07,0.06346917152404785
91500,0.0007449255790561438,3.860318429360632e-07,0.06353692710399628
91600,0.0007686115568503737,4.811748226529744e-07,0.06357849389314651
91700,0.0007773314137011766,3.9466752355110657e-07,0.06363844871520996
91800,0.0007526674889959395,3.39160749263101e-07,0.06368739902973175
91900,0.0007557860808447003,3.9026122067298274e-07,0.06370511651039124
92000,0.0007076582405716181,3.7196949165263504e-07,0.06375177204608917
92100,0.0007448482792824507,3.0259676009336545e-07,0.06376498937606812
92200,0.0007442131754942238,4.0013244984038465e-07,0.06382180750370026
92300,0.0007363641052506864,3.892398865446012e-07,0.06385693699121475
92400,0.0007390566170215607,3.0673589890284347e-07,0.06387374550104141
92500,0.0007571298629045486,3.439528200033237e-07,0.06389368325471878
92600,0.0006843978189863265,3.50023299233726e-07,0.06395746767520905
92700,0.0007673322106711566,3.476737617802428e-07,0.06395380198955536
92800,0.0007448448450304568,3.133806671939965e-07,0.06396175920963287
92900,0.0007277604890987277,2.98619710292769e-07,0.06399150937795639
93000,0.0007215659134089947,2.7095802579424344e-07,0.06398344039916992
93100,0.0007631602929905057,1.5406912723392452e-07,0.06403162330389023
93200,0.0007455138256773353,2.2471152760772384e-07,0.06398364901542664
93300,0.0007337841088883579,2.2595386894863623e-07,0.06394702196121216
93400,0.0007624822901561856,2.019237541617258e-07,0.0639733076095581
93500,0.0007714233361184597,2.2063909455027897e-07,0.06399676203727722
93600,0.000726394122466445,1.8381098243480665e-07,0.06407414376735687
93700,0.0007298530545085669,2.0563669522744021e-07,0.06402662396430969
93800,0.0007178951054811478,1.4341381415761134e-07,0.06402679532766342
93900,0.0007327011553570628,1.9206032675356255e-07,0.06406393647193909
94000,0.0007090744911693037,8.867898060316293e-08,0.06407101452350616
94100,0.0007265172898769379,1.6708158057099354e-07,0.06408196687698364
94200,0.0007321841549128294,1.703667180663615e-07,0.06403879821300507
94300,0.0007268827757798135,1.7936778817784216e-07,0.06405658274888992
94400,0.0007121306261979043,1.1096310004177212e-07,0.0640699490904808
94500,0.000728820392396301,1.7824062581439648e-07,0.06406522542238235
94600,0.0006940496969036758,2.6706709377322113e-07,0.0640505999326706
94700,0.0007278018747456372,2.0347385998320533e-07,0.06391087174415588
94800,0.0006911773234605789,3.299593913652643e-07,0.06385013461112976
94900,0.0007529444992542267,1.9535654871560837e-07,0.06391184031963348
95000,0.000733166525606066,1.7060870050045196e-07,0.06385691463947296
95100,0.0007470312993973494,1.9943571771818824e-07,0.06386685371398926
95200,0.0007367239450104535,1.5174245504567807e-07,0.06384196877479553
95300,0.0007220539264380932,1.5936589647935762e-07,0.06384089589118958
95400,0.0007148886215873063,1.6886815501493402e-07,0.06386353075504303
95500,0.0006915591075085104,8.664817130465963e-08,0.06387069821357727
95600,0.0007600318058393896,1.686476167606088e-07,0.06386321783065796
95700,0.0007135902997106314,1.045918978093141e-07,0.06388808786869049
95800,0.0007047539111226797,7.577085625598556e-08,0.0638352632522583
95900,0.0006956177530810237,1.0711904963045527e-07,0.06378865242004395
96000,0.000695545575581491,1.6243157574535871e-07,0.06382177770137787
96100,0.0006986264488659799,9.96921727391964e-08,0.06378276646137238
96200,0.000708885258063674,1.2412903060976532e-07,0.06378620862960815
96300,0.0007041592616587877,1.1306003955269261e-07,0.0637522041797638
96400,0.00070450350176543,5.342947417830146e-08,0.06369826197624207
96500,0.0007078411290422082,1.4862831676509813e-07,0.06367265433073044
96600,0.0007240842096507549,1.1227984941797331e-07,0.06364154070615768
96700,0.0007079275674186647,1.4931740111023828e-07,0.06359122693538666
96800,0.00068406987702474,1.1339344041516597e-07,0.0636470764875412
96900,0.0007409699028357863,1.1033689872874675e-07,0.06362288445234299
97000,0.0007055501919239759,1.926312620526005e-07,0.06356842070817947
97100,0.0007176479557529092,1.803614253503838e-07,0.0635867789387703
97200,0.0007514077005907893,1.335843364813627e-07,0.06361836940050125
97300,0.0006975885480642319,1.2158956508301344e-07,0.06361308693885803
97400,0.0007389589445665479,1.398633173721464e-07,0.06354717910289764
97500,0.0007220999104902148,1.7768446980426233e-07,0.0636056661605835
97600,0.0006879968568682671,1.4421614480397693e-07,0.06355543434619904
97700,0.0007482683286070824,1.4778272827697947e-07,0.06356429308652878
97800,0.0006935164565220475,1.8592028538932936e-07,0.06358219683170319
97900,0.0006796833476983011,1.610051612033203e-07,0.06362292915582657
98000,0.0007059142808429897,1.6645408607018908e-07,0.06358833611011505
98100,0.0007073162123560905,1.708669259414819e-07,0.06357672810554504
98200,0.000703611527569592,1.3322950564997882e-07,0.06360743194818497
98300,0.0007130908779799938,1.25845389220558e-07,0.06363095343112946
98400,0.0007635644869878888,1.5071198333771463e-07,0.06363365054130554
98500,0.0007026541279628873,1.4706704121181247e-07,0.06367547810077667
98600,0.000719598843716085,1.4632432510097715e-07,0.06367257982492447
98700,0.0007053338340483606,1.2124095860599482e-07,0.06368967890739441
98800,0.0006970269605517387,1.3803811782509e-07,0.06364595890045166
98900,0.0007062362274155021,9.427782998727707e-08,0.06362638622522354
99000,0.0007175647187978029,1.3009130839236605e-07,0.06364092230796814
99100,0.0006786677986383438,1.878029110002899e-07,0.06357290595769882
99200,0.0007182983681559563,1.6552334614061692e-07,0.06352901458740234
99300,0.0007067785481922328,1.7243334582417447e-07,0.06352885067462921
99400,0.0007141628884710371,1.3257776743103022e-07,0.0634322538971901
99500,0.000734065193682909,2.0510415765784273e-07,0.06336287409067154
99600,0.0007093761232681572,1.8275565594194632e-07,0.06336717307567596
99700,0.0006517935544252396,1.9351476510109933e-07,0.06330603361129761
99800,0.0007246417226269841,2.00628193169905e-07,0.06319587677717209
99900,0.0007278597913682461,3.467521594302525e-07,0.06314066052436829
100000,0.0007048668339848518,2.033422106251237e-07,0.06309765577316284
100100,0.000699188094586134,1.8805874901772768e-07,0.06305894255638123
100200,0.0006883929600007832,1.3292059009017976e-07,0.06302550435066223
100300,0.0007020403281785548,1.4750911248029297e-07,0.06303412467241287
100400,0.0007009841501712799,2.060464936448625e-07,0.06298179924488068
100500,0.0007138591026887298,1.4921448610039079e-07,0.06289847195148468
100600,0.0007267316686920822,1.3097795203975693e-07,0.06286279857158661
100700,0.0007191537297330797,1.478493203421749e-07,0.0628526359796524
100800,0.000692111614625901,1.1692158352616389e-07,0.06276720762252808
100900,0.0007309760549105704,1.535981510869533e-07,0.06275421380996704
101000,0.0007371549145318568,8.526249928308971e-08,0.06269493699073792
101100,0.0006510676466859877,1.917751717428473e-07,0.06257591396570206
101200,0.0007212967611849308,1.1240879871365905e-07,0.06252257525920868
101300,0.0007273101946339011,1.995403806631657e-07,0.0624345988035202
101400,0.0007286047330126166,1.7348463643429568e-07,0.06238073483109474
101500,0.0006885479670017958,1.4994677144386515e-07,0.062326282262802124
101600,0.000726016703993082,1.3729459169553593e-07,0.06229960918426514
101700,0.0007028337568044662,1.7504218874364597e-07,0.062068358063697815
101800,0.0007112909806892276,1.8574648663616244e-07,0.06195478141307831
101900,0.0007432695711031556,1.648556917643873e-07,0.06188753992319107
102000,0.0007193435449153185,1.4974860107486165e-07,0.06182888150215149
102100,0.0007448050891980529,6.333306146188988e-08,0.06176849454641342
102200,0.0006676450138911605,1.5674969233714364e-07,0.06174234673380852
102300,0.0006694273906759918,1.0863539046113146e-07,0.06171392649412155
102400,0.0007386320503428578,1.3933389197973156e-07,0.061554521322250366
102500,0.0006921640015207231,9.201284001392196e-08,0.06146560236811638
102600,0.0007307169726118445,8.066103873716202e-08,0.06139408051967621
102700,0.000711193191818893,9.778476339761255e-08,0.061325982213020325
102800,0.0007151582976803184,1.9601793610490859e-07,0.06128750741481781
102900,0.0007518053753301501,1.0275566353357135e-07,0.061167892068624496
103000,0.0007508262060582638,1.432961767022789e-07,0.06110787391662598
103100,0.000659014331176877,1.2181590136606246e-07,0.060982611030340195
103200,0.0007091745501384139,2.357161577037914e-07,0.060868531465530396
103300,0.0006747212610207498,1.0676698991574085e-07,0.06075297296047211
103400,0.0007200024556368589,8.719267441392731e-08,0.060666441917419434
103500,0.0007033937727101147,9.45669427210305e-08,0.06062430515885353
103600,0.0006949617527425289,8.665964656984215e-08,0.06056670844554901
103700,0.0007045692764222622,1.3469018256273557e-07,0.060461606830358505
103800,0.0007506272522732615,6.369818805751493e-08,0.06041037291288376
103900,0.0006903788889758289,2.2988390924183477e-07,0.06031594052910805
104000,0.000722091703210026,8.917476179703954e-08,0.06019345670938492
104100,0.0006421353900805116,1.8247976640850538e-07,0.0601113997399807
104200,0.0006957236328162253,1.938292939485109e-07,0.060000333935022354
104300,0.0007094622706063092,6.856192413806639e-08,0.059878040105104446
104400,0.000707782048266381,6.525357321152114e-08,0.05973459780216217
104500,0.0006999137112870812,8.639800341825321e-08,0.05960313230752945
104600,0.0007185268914327025,1.2762509982167103e-07,0.05948211997747421
104700,0.0007205915171653032,2.8097852577957383e-07,0.059411223977804184
104800,0.0007293639937415719,3.5562926825605246e-08,0.059297800064086914
104900,0.0006903944886289537,1.0734239452858674e-07,0.05923718214035034
105000,0.0007031603599898517,4.0377329924012884e-08,0.05912760645151138
105100,0.0006535890279337764,4.145639564967496e-08,0.05891198292374611
105200,0.0007096715271472931,5.724673712848016e-08,0.05886413902044296
105300,0.0007143223192542791,2.1727070986798935e-07,0.058794163167476654
105400,0.0006825676537118852,6.021589626925561e-08,0.05867411941289902
105500,0.0007353330147452652,1.9054830602271977e-07,0.0585932657122612
105600,0.0007221148698590696,8.469456957982402e-08,0.05843115225434303
105700,0.0007121383678168058,7.205754570804856e-08,0.05826612189412117
105800,0.000704763107933104,9.15668891821042e-08,0.05822204798460007
105900,0.0006974623538553715,1.430371412425302e-07,0.05813589319586754
106000,0.0006917338469065726,2.7300890792503196e-07,0.05807020887732506
106100,0.0007449366385117173,1.7703928278933745e-07,0.0579276904463768
106200,0.000690972781740129,7.803445356557859e-08,0.057876333594322205
106300,0.000661779660731554,1.2881950794962904e-07,0.057809650897979736
106400,0.0007114327745512128,4.9364292209475025e-08,0.05750393122434616
106500,0.0007070759311318398,2.19939522594359e-07,0.057281576097011566
106600,0.0006872751982882619,1.7329837476154353e-07,0.057210784405469894
106700,0.0006883755559101701,2.3678559557538392e-08,0.057148829102516174
106800,0.0007313626119866967,6.907034588721217e-08,0.05712020397186279
106900,0.0006798796821385622,1.7095379689635593e-07,0.05709563195705414
107000,0.0007256257813423872,1.1576490877018841e-08,0.05706910789012909
107100,0.0006644173408858478,7.642458399459429e-08,0.05706961452960968
107200,0.0006864058668725193,8.639819526479187e-08,0.05704014003276825
107300,0.0006923001492395997,3.599318532110374e-08,0.05695207417011261
107400,0.0007154681370593607,1.0015157414500209e-07,0.05695727840065956
107500,0.000683986465446651,7.313621352977862e-08,0.05695613473653793
107600,0.0006867601769044995,7.569452264988286e-08,0.05693475157022476
107700,0.000679412973113358,1.808819405368922e-08,0.05692300200462341
107800,0.0007519538048654795,4.7684217463483947e-08,0.05693340301513672
107900,0.0007005414227023721,3.507174639594268e-08,0.05690216273069382
108000,0.0006879789289087057,6.117474526945443e-08,0.0568368099629879
108100,0.000725945457816124,4.783016649412275e-08,0.056838370859622955
108200,0.0006532410043291748,4.716432044915564e-08,0.0568670779466629
108300,0.000692672620061785,2.4211113114347427e-08,0.056884244084358215
108400,0.00069114298094064,4.205714887461909e-08,0.056878712028265
108500,0.0007031901041045785,4.999821712203811e-08,0.05689951777458191
108600,0.0007084008539095521,4.4010423749796246e-08,0.0568460077047348
108700,0.0006627955590374768,1.2902114931989672e-08,0.056876592338085175
108800,0.0007647935417480767,3.233960299553473e-08,0.05687994137406349
108900,0.0006562541238963604,3.701981299286672e-08,0.05688434839248657
109000,0.0006753668421879411,3.732911935117045e-08,0.0568181574344635
109100,0.000704917882103473,6.223848458830616e-08,0.056734226644039154
109200,0.0006572272395715117,3.520668911960456e-08,0.05674233287572861
109300,0.0007002665661275387,2.9673380197436927e-08,0.05664713680744171
109400,0.0006658840575255454,3.5856917435239666e-08,0.0564948245882988
109500,0.0006874137325212359,1.3994897685165597e-08,0.05646347999572754
109600,0.0007009945111349225,1.0334584032989369e-07,0.05632149055600166
109700,0.0007210759213194251,5.552275084141911e-08,0.05631405860185623
109800,0.0007003149949014187,1.1176985026395414e-07,0.05627938359975815
109900,0.0006832255166955292,4.560092303762531e-09,0.05626969784498215
110000,0.0006637803744524717,1.7601044532966625e-07,0.05624088644981384
110100,0.0006753352354280651,3.652630420347691e-09,0.056233130395412445
110200,0.000751867366489023,4.484618898459303e-08,0.056141071021556854
110300,0.0006292807520367205,4.3672066851740965e-08,0.05611991882324219
110400,0.0006736076902598143,9.382759458276269e-09,0.056131511926651
110500,0.0007212539203464985,5.088559973387419e-08,0.05605160444974899
110600,0.000660488149151206,2.757053252366859e-08,0.05588780343532562
110700,0.0006557324668392539,5.5972314783048205e-08,0.05578433349728584
110800,0.0006895870319567621,3.468119658123214e-08,0.055755242705345154
110900,0.0006318519008345902,4.999244751502374e-08,0.05568471550941467
111000,0.0006771708140149713,3.3493318341015765e-08,0.0554136224091053
111100,0.0006498644943349063,5.434288752326211e-08,0.05521286278963089
111200,0.0006605422240681946,3.596025166530126e-08,0.05521021783351898
111300,0.0006652641459368169,2.384116903897393e-08,0.05519183352589607
111400,0.0006789127364754677,5.612903564156113e-08,0.05512844771146774
111500,0.0006979062454774976,6.731590218578276e-08,0.054956622421741486
111600,0.0006951386458240449,2.8468246426882615e-08,0.05489438399672508
111700,0.0006787328165955842,5.447583717455018e-08,0.05479879677295685
111800,0.0006674057221971452,3.13442214405768e-08,0.05474955961108208
111900,0.0006695832125842571,5.024067561976153e-08,0.05465174838900566
112000,0.0007062441436573863,4.752432047894217e-08,0.05457819998264313
112100,0.0006069948431104422,2.0020639368567572e-08,0.0544954352080822
112200,0.0006800366099923849,4.253683272281705e-08,0.05435899645090103
112300,0.0007006413070484996,7.863811646302565e-08,0.0541059672832489
112400,0.0006766673177480698,2.5481588394882237e-08,0.05407256260514259
112500,0.0007049951236695051,4.4999644899235136e-08,0.054021041840314865
112600,0.0006385499727912247,5.491785870503918e-08,0.053801171481609344
112700,0.0007089540013112128,2.1188332866017845e-08,0.05375567823648453
112800,0.0006784817669540644,4.304515854869351e-08,0.05369750037789345
112900,0.0007035632734186947,3.920442281923897e-08,0.053436536341905594
113000,0.000654726754873991,5.958094106972567e-08,0.05311611667275429
113100,0.0006711335154250264,2.006092714168517e-08,0.0529172345995903
113200,0.0006636715261265635,3.652908375784136e-08,0.05272489786148071
113300,0.0006881019799038768,5.690544568892619e-08,0.052467767149209976
113400,0.0006394874071702361,2.1459210586272093e-07,0.052371881902217865
113500,0.0006949170492589474,3.6070355236006435e-07,0.05245613679289818
113600,0.0006559702451340854,1.136921383704248e-07,0.05278855189681053
113700,0.0006485680351033807,2.440730213493225e-07,0.05245690792798996
113800,0.0007299899007193744,3.723999384419585e-07,0.05225713551044464
113900,0.0006671543815173209,2.4651305352563213e-07,0.0524040125310421
114000,0.000697815150488168,2.3018564832000266e-07,0.0524405911564827
114100,0.0006934422417543828,2.714767788347672e-07,0.05208798125386238
114200,0.0007056659087538719,1.326027074810554e-07,0.05182233080267906
114300,0.0006991926347836852,2.325518551060668e-07,0.05150490254163742
114400,0.0007398976013064384,3.029563231393695e-07,0.051631949841976166
114500,0.0007538957870565355,3.172582410115865e-07,0.05158364772796631
114600,0.000691346125677228,3.188767436768103e-07,0.05126582831144333
114700,0.0006361480918712914,5.605054411716992e-07,0.05094385892152786
114800,0.000753751490265131,5.130719387125282e-07,0.05059605836868286
114900,0.0006780102849006653,5.209645337345137e-07,0.05032697319984436
115000,0.000713139190338552,7.01047753182138e-08,0.050014011561870575
115100,0.0007112742168828845,3.6883986354041554e-07,0.0499536469578743
115200,0.0007304972968995571,2.2200146077011595e-07,0.04981427639722824
115300,0.0007810973329469562,6.693289122949864e-08,0.049886785447597504
115400,0.0007022363133728504,8.500552439727471e-07,0.049678124487400055
115500,0.0007073839660733938,7.030671440588776e-07,0.04946782812476158
115600,0.0007203782442957163,2.585790639386687e-07,0.04924199730157852
115700,0.0007120607187971473,3.6873780118185095e-07,0.04910753667354584
115800,0.0007513571763411164,7.27471444861294e-07,0.04889049381017685
115900,0.0007247945759445429,7.870246463426156e-07,0.04890257120132446
116000,0.000750294653698802,4.2106461251023575e-07,0.04905792325735092
116100,0.0007416763110086322,5.997773087074165e-07,0.04908295348286629
116200,0.0007566357962787151,5.535547416002373e-07,0.048847269266843796
116300,0.00078473991015926,7.063808311613684e-07,0.048683010041713715
116400,0.0007527349516749382,6.257903351070127e-07,0.04868429899215698
116500,0.0007169349701143801,7.810668307683954e-07,0.04873132333159447
116600,0.000761629780754447,3.852216536870401e-07,0.04857908934354782
116700,0.0007342125754803419,3.110621946689207e-07,0.04829312115907669
116800,0.0007488742703571916,4.800058945875207e-07,0.048370715230703354
116900,0.0007205798756331205,4.4979566382608027e-07,0.04811818525195122
117000,0.0007585552521049976,5.168673169464455e-07,0.04827796295285225
117100,0.0007888725958764553,2.9898188813604065e-07,0.048131462186574936
117200,0.0007575900526717305,2.76108721664059e-07,0.0481535941362381
117300,0.0007973756291903555,5.222453864917043e-07,0.04796122387051582
117400,0.0007659585680812597,5.786223482573405e-07,0.048101432621479034
117500,0.0007773595862090588,3.6654688528869883e-07,0.04812142252922058
117600,0.0008108852198347449,4.102207071809971e-07,0.04811505600810051
117700,0.0008068156894296408,2.6222875249004574e-07,0.04778420180082321
117800,0.0008295237785205245,4.7310743411799194e-07,0.04795258864760399
117900,0.0007883880753070116,5.070025963505032e-07,0.04794932156801224
118000,0.0008093580836430192,4.808726998817292e-07,0.04805503040552139
118100,0.0007754155085422099,3.5942008480560617e-07,0.04818188399076462
118200,0.0007816732977516949,4.164337497059023e-07,0.04825957864522934
118300,0.0008028870215639472,3.147737004383089e-07,0.04811898246407509
118400,0.0007705641910433769,3.655594014162489e-07,0.048187851905822754
118500,0.0007969273719936609,4.5726207531515684e-07,0.04809519648551941
118600,0.0007973826723173261,3.2805945693326066e-07,0.048114627599716187
118700,0.0008225214551202953,4.653780649732653e-07,0.04797081649303436
118800,0.0008447412401437759,5.579440198744123e-07,0.04801409691572189
118900,0.0008358556078746915,3.566232749108167e-07,0.04831633344292641
119000,0.0008423852850683033,3.5654397834150586e-07,0.048285916447639465
119100,0.0008201964083127677,3.8783915101703315e-07,0.04828351363539696
119200,0.0008440829697065055,2.9435403803290683e-07,0.04833429306745529
119300,0.0008195796399377286,2.907439977661852e-07,0.048386313021183014
119400,0.0009089441155083477,3.4815292337952997e-07,0.048234909772872925
119500,0.0008380842627957463,2.7653459255816415e-07,0.04809185117483139
119600,0.0008583703311160207,2.916106325301371e-07,0.048130035400390625
119700,0.0008462909027002752,3.154456464926625e-07,0.047760073095560074
119800,0.0008217039867304265,2.64552340922819e-07,0.04764682799577713
119900,0.0008565594907850027,2.812956836351077e-07,0.04784688353538513
120000,0.0008675555000081658,2.3317559794122644e-07,0.04798414558172226
120100,0.0008562329458072782,3.120323412986181e-07,0.04782606661319733
120200,0.0008993136580102146,3.138254669465823e-07,0.04781586304306984
120300,0.0008510755142197013,2.600633592919621e-07,0.04787882789969444
120400,0.0008579397108405828,3.8721677242392616e-07,0.04777367040514946
120500,0.0008441905956715345,3.20327643521523e-07,0.04769160971045494
120600,0.0008814104367047548,3.2028441410147934e-07,0.04795192927122116
120700,0.0009122685296460986,2.8012237862640177e-07,0.047999367117881775
120800,0.0008337319595739245,3.759625428756408e-07,0.047903239727020264
120900,0.000884339096955955,3.134704229523777e-07,0.047938376665115356
121000,0.0008440275560133159,2.814964830122335e-07,0.04794606566429138
121100,0.0008492019260302186,2.48937055857823e-07,0.047889869660139084
121200,0.0008832371095195413,2.744594951309409e-07,0.04787319526076317
121300,0.0008556232787668705,2.7138344194099773e-07,0.047907836735248566
121400,0.0008868565782904625,2.335483628712609e-07,0.04771186411380768
121500,0.0008501668344251812,2.5342387743876316e-07,0.0477268286049366
121600,0.0008387806010432541,2.6436626399117813e-07,0.0477282777428627
121700,0.0008550218190066516,2.2956231759962975e-07,0.0477927140891552
121800,0.000871279276907444,2.126737825847158e-07,0.04763947054743767
121900,0.0008634061668999493,2.0053190041835478e-07,0.04755905270576477
122000,0.0008686580113135278,2.4329014536306204e-07,0.04756804183125496
122100,0.0009176039602607489,2.625951651680225e-07,0.04750946909189224
122200,0.0008400760707445443,2.1702309993543167e-07,0.047431617975234985
122300,0.0008702058112248778,1.98328592659891e-07,0.04728401452302933
122400,0.0008967426838353276,1.9194192191207549e-07,0.04723207652568817
122500,0.0008815509499981999,1.8309883387246373e-07,0.04727400839328766
122600,0.000881297281011939,1.3035220547408244e-07,0.04721653088927269
122700,0.0008546554017812014,1.630157271392818e-07,0.047134287655353546
122800,0.0009003901504911482,1.521781030078273e-07,0.04711778461933136
122900,0.0008789243875071406,1.5892271676420933e-07,0.04702264070510864
123000,0.0008482126868329942,1.680939334391951e-07,0.04698348790407181
123100,0.0008625281043350697,1.8123063227903913e-07,0.0470246747136116
123200,0.0008987425826489925,1.2619273093150696e-07,0.04701513051986694
123300,0.0008769504493102431,9.029531611304265e-08,0.04681152105331421
123400,0.0008918691892176867,9.821432911394368e-08,0.04671178385615349
123500,0.0009061623131856322,8.60950279957251e-08,0.046726033091545105
123600,0.000885000335983932,5.916284706586339e-08,0.04661961644887924
123700,0.0008637007558718324,8.023440756232958e-08,0.04656306281685829
123800,0.000858169631101191,7.137110458188545e-08,0.046453144401311874
123900,0.0008639823645353317,7.645178357051918e-08,0.046397432684898376
124000,0.0008927914313971996,6.010880326812185e-08,0.04637860506772995
124100,0.0008675922872498631,6.602035540481666e-08,0.04633121192455292
124200,0.0009054841939359903,4.191570823763868e-08,0.04630763828754425
124300,0.0008797906921245158,5.4523205506029626e-08,0.046202294528484344
124400,0.0009157904423773289,7.29514368913442e-08,0.0460934117436409
124500,0.0008238522568717599,1.0456393084723459e-07,0.04612037166953087
124600,0.0008644170593470335,7.219029640737062e-08,0.04615218564867973
124700,0.000872018514201045,6.821829856562545e-08,0.04609626531600952
124800,0.0009025769541040063,6.189586088112264e-08,0.04596398398280144
124900,0.0008875918574631214,5.5721447012047065e-08,0.04591330513358116
125000,0.0008550762431696057,5.1425701030893833e-08,0.04583223909139633
125100,0.0008310407865792513,4.840790523985561e-08,0.0457661896944046
125200,0.0008637811988592148,7.920014866158454e-08,0.04560808837413788
125300,0.000874304911121726,8.966168252300122e-08,0.04561539366841316
125400,0.000880617939401418,1.538280436363948e-08,0.04529399424791336
125500,0.0008856473723426461,4.022965782723986e-08,0.04526335000991821
125600,0.0009104618220590055,6.005541308695683e-08,0.04530259221792221
125700,0.0008395708864554763,7.101493793015834e-08,0.04528962820768356
125800,0.0008670186507515609,2.7013937753395112e-08,0.04521626979112625
125900,0.0008973649237304926,3.258260150573733e-08,0.04527487978339195
126000,0.0008796888869255781,5.509036427042702e-08,0.04529242217540741
126100,0.000916157616302371,4.1879630430230463e-08,0.045238472521305084
126200,0.000883762608282268,5.664893265588944e-08,0.0452277734875679
126300,0.0009182213107123971,4.317734436654064e-08,0.04521311819553375
126400,0.0008863050024956465,2.7007406089296637e-08,0.04509161040186882
126500,0.0009131067781709135,3.777737944687942e-08,0.04502268135547638
126600,0.000917428289540112,4.493429983654096e-08,0.04493972659111023
126700,0.000917929457500577,2.9785880428789824e-08,0.04474741593003273
126800,0.0008796025067567825,3.603982179356535e-08,0.04474440962076187
126900,0.000892232870683074,6.119607576238195e-08,0.04477706551551819
127000,0.0008953968062996864,4.9884654629295255e-08,0.044738076627254486
127100,0.0009587444365024567,3.845381613132304e-08,0.04471258819103241
127200,0.0008752061403356493,3.4603594656346104e-08,0.04469793289899826
127300,0.0009315869538113475,3.133484938189213e-08,0.044565990567207336
127400,0.0008998172706924379,3.646292867642842e-08,0.04450279474258423
127500,0.000892872572876513,5.034177874563284e-08,0.04457654803991318
127600,0.0009258027421310544,7.281470004727453e-08,0.044473230838775635
127700,0.0009124235948547721,3.507823720383385e-08,0.04438185319304466
127800,0.0009423941373825073,4.332198599854564e-08,0.044410109519958496
127900,0.0008793453453108668,5.3548355083421484e-08,0.04447553679347038
128000,0.0008835146436467767,5.5669943321845494e-08,0.04448842257261276
128100,0.0009058519499376416,5.793161506062461e-08,0.044511839747428894
128200,0.0008999144192785025,3.696364814231856e-08,0.044438913464546204
128300,0.0008737771422602236,4.838039302512698e-08,0.044369425624608994
128400,0.0009070305386558175,3.3846522029534754e-08,0.044266458600759506
128500,0.0009218271588906646,4.5950780958037285e-08,0.044191692024469376
128600,0.0009398266556672752,6.168163935171833e-08,0.044262874871492386
128700,0.0009002783335745335,6.014479936311545e-08,0.04441200941801071
128800,0.0009204375091940165,1.071788204853874e-07,0.04452420026063919
128900,0.0009004975436255336,6.930500262569694e-08,0.04439866170287132
129000,0.0008898439700715244,5.446365491934557e-08,0.044263459742069244
